PID,actual_churn,churn_probability,selected_threshold,predicted_churn
126137808,0,0.04834863431374756,0.8891361783121485,0
160068149,0,0.8572062737197139,0.8891361783121485,0
160088397,0,0.19752465210308282,0.8891361783121485,0
123501740,0,0.3140733358553466,0.8891361783121485,0
120569184,0,0.49476522406855206,0.8891361783121485,0
115827010,0,0.03311843788304563,0.8891361783121485,0
115522539,1,0.8649062667163481,0.8891361783121485,0
200548867,0,0.20617111152945208,0.8891361783121485,0
200065360,0,0.4106270790727782,0.8891361783121485,0
202030357,0,0.84003219083021,0.8891361783121485,0
123671439,0,0.571534666547854,0.8891361783121485,0
126655487,0,0.4356403959128782,0.8891361783121485,0
825262884,0,0.8515296311141719,0.8891361783121485,0
115840972,0,0.7246189070605575,0.8891361783121485,0
115757868,0,0.07076246708399955,0.8891361783121485,0
201479694,0,0.07691744327138317,0.8891361783121485,0
454437,0,0.4427196300805546,0.8891361783121485,0
112669637,0,0.18880844153733534,0.8891361783121485,0
123738508,0,0.08500484528047873,0.8891361783121485,0
120544882,0,0.25784875443155947,0.8891361783121485,0
126062615,0,0.10327692295889357,0.8891361783121485,0
115138015,0,0.05225651324341379,0.8891361783121485,0
126645386,0,0.26220779447755477,0.8891361783121485,0
40663932,0,0.22065090962557055,0.8891361783121485,0
160074390,0,0.7052835203342802,0.8891361783121485,0
123686659,0,0.2997931771392353,0.8891361783121485,0
115013798,0,0.19038786110608863,0.8891361783121485,0
126046422,0,0.009068048740187911,0.8891361783121485,0
825396864,0,0.25894464609007384,0.8891361783121485,0
40413672,0,0.7081823623226745,0.8891361783121485,0
115026870,0,0.8507068157807975,0.8891361783121485,0
818015524,0,0.7534505678158347,0.8891361783121485,0
830118724,1,0.6085631397954452,0.8891361783121485,0
822138039,0,0.6189556362455115,0.8891361783121485,0
115891881,0,0.8786067033744522,0.8891361783121485,0
115649223,0,0.8694819539107487,0.8891361783121485,0
112606058,0,0.5262911734865543,0.8891361783121485,0
6805267540SMB,0,0.2989809353824331,0.8891361783121485,0
818150,0,0.09685845578208346,0.8891361783121485,0
108683620,0,0.13851094277289225,0.8891361783121485,0
126532617,0,0.7359370016106643,0.8891361783121485,0
200874966,0,0.4737759840980838,0.8891361783121485,0
120598667,0,0.8643228218339802,0.8891361783121485,0
123534142,0,0.08176541952471397,0.8891361783121485,0
120563605,0,0.40517722041886073,0.8891361783121485,0
123731652,0,0.5023140255118009,0.8891361783121485,0
115780685,0,0.7687741556064749,0.8891361783121485,0
201907839,0,0.6748025891343143,0.8891361783121485,0
200696524,0,0.31635759136205255,0.8891361783121485,0
115249752,0,0.8323550759097569,0.8891361783121485,0
201294699,0,0.473495047123123,0.8891361783121485,0
112668827,0,0.9709966754780552,0.8891361783121485,1
131074081,0,0.630184593341325,0.8891361783121485,0
115561684,0,0.7356369067273216,0.8891361783121485,0
160084153,0,0.5446310700024024,0.8891361783121485,0
115895075,0,0.5244121485925323,0.8891361783121485,0
115230289,0,0.6496696988464215,0.8891361783121485,0
115781545,0,0.4501730462412449,0.8891361783121485,0
833051615,0,0.6554241022973604,0.8891361783121485,0
201619413,1,0.7869373072198762,0.8891361783121485,0
115073838,0,0.6093483648420877,0.8891361783121485,0
115871156,1,0.8101831992333186,0.8891361783121485,0
115113282,1,0.03233733235468968,0.8891361783121485,0
833093240,0,0.35410141544881135,0.8891361783121485,0
115913915,0,0.8747440904615613,0.8891361783121485,0
201023737,0,0.2859152297959714,0.8891361783121485,0
126593683,0,0.4729082443470856,0.8891361783121485,0
825339977,0,0.9256797523440319,0.8891361783121485,1
123543771,0,0.2793069118595697,0.8891361783121485,0
200016608,0,0.8151801940305219,0.8891361783121485,0
201316473,0,0.5241333138239465,0.8891361783121485,0
123028458,0,0.6557156741230603,0.8891361783121485,0
125538591,0,0.07656511109201618,0.8891361783121485,0
200097065,0,0.7031670714980252,0.8891361783121485,0
126738050,0,0.12613282204960752,0.8891361783121485,0
115801485,1,0.6629747074303295,0.8891361783121485,0
40968567,0,0.6590558458136283,0.8891361783121485,0
836148471,0,0.11442617281603934,0.8891361783121485,0
115839728,0,0.8658818695612729,0.8891361783121485,0
200138672,0,0.9499271807285046,0.8891361783121485,1
230656,0,0.26050240902339844,0.8891361783121485,0
115854751,0,0.5591299513921768,0.8891361783121485,0
115297697,0,0.5642505192059348,0.8891361783121485,0
112603886,0,0.21094280092473022,0.8891361783121485,0
115569866,0,0.46421970007852315,0.8891361783121485,0
160116245,0,0.7146019067929029,0.8891361783121485,0
115828315,0,0.8962241887193237,0.8891361783121485,1
120592514,0,0.5980698136133873,0.8891361783121485,0
102733415,0,0.7328222708644065,0.8891361783121485,0
126067046,0,0.48178405546497244,0.8891361783121485,0
123638707,0,0.4581119585354501,0.8891361783121485,0
200171512,0,0.7638051275866571,0.8891361783121485,0
160068478,0,0.5752387690228202,0.8891361783121485,0
120038098,0,0.0005868479375821124,0.8891361783121485,0
123634648,0,0.7312190262130673,0.8891361783121485,0
115775827,0,0.23348109146200174,0.8891361783121485,0
115318757,1,0.9755415424593192,0.8891361783121485,1
115762840,0,0.6884337524298416,0.8891361783121485,0
115092137,0,0.6121987901318299,0.8891361783121485,0
30246958,0,0.1309128721635232,0.8891361783121485,0
115525131,0,0.8031550175352611,0.8891361783121485,0
123759833,0,0.7135213426276711,0.8891361783121485,0
200816621,0,0.45318687229427734,0.8891361783121485,0
123508507,0,0.3810656853166668,0.8891361783121485,0
201925310,0,0.45107520815619473,0.8891361783121485,0
200211519,0,0.12875283140621557,0.8891361783121485,0
115831279,0,0.17011262284583195,0.8891361783121485,0
5810284427SMB,0,0.42037178144554815,0.8891361783121485,0
160130896,0,0.7899021695536036,0.8891361783121485,0
115030790,0,0.031089157469289225,0.8891361783121485,0
822117074,0,0.19332916973075714,0.8891361783121485,0
200702072,0,0.05329815959195736,0.8891361783121485,0
115519863,0,0.47918585503406563,0.8891361783121485,0
836024281,0,0.003106785663984054,0.8891361783121485,0
123624974,0,0.45891866731002184,0.8891361783121485,0
115563308,0,0.5107292472612788,0.8891361783121485,0
115033320,0,0.6236922169867092,0.8891361783121485,0
108539901,1,0.9314365949226389,0.8891361783121485,1
115868352,0,0.9113753884837937,0.8891361783121485,1
20826447,0,0.5235059278559497,0.8891361783121485,0
115515548,0,0.8446276368356416,0.8891361783121485,0
123518896,0,0.6280235861154125,0.8891361783121485,0
115583990,0,0.519280692284168,0.8891361783121485,0
115041915,0,0.6007819245693509,0.8891361783121485,0
115634876,0,0.41605875806819115,0.8891361783121485,0
126741819,0,0.4125913406071159,0.8891361783121485,0
825356574,0,0.25755533052051977,0.8891361783121485,0
201057604,0,0.16819786558330252,0.8891361783121485,0
126611050,1,0.9700486673186591,0.8891361783121485,1
822059938,0,0.858696819469022,0.8891361783121485,0
200189898,1,0.5151472949078989,0.8891361783121485,0
825315848,0,0.4858056296227154,0.8891361783121485,0
833051095,0,0.2723868574678,0.8891361783121485,0
200343346,0,0.15029429565590363,0.8891361783121485,0
108012977,0,0.75605993827911,0.8891361783121485,0
123745125,0,0.2563389519035827,0.8891361783121485,0
160121121,0,0.09410233033854319,0.8891361783121485,0
825239215,0,0.31502735171295365,0.8891361783121485,0
115243621,0,0.08476632002027187,0.8891361783121485,0
126635837,0,0.8874656070380115,0.8891361783121485,0
825341362,0,0.9506153995280946,0.8891361783121485,1
200017037,0,0.41436267491045153,0.8891361783121485,0
825092142,0,0.09840402001624615,0.8891361783121485,0
115890772,0,0.5407409732287961,0.8891361783121485,0
200014781,0,0.6659684020029608,0.8891361783121485,0
40345634,0,0.8023325656887944,0.8891361783121485,0
115674383,1,0.9874617483363077,0.8891361783121485,1
126536807,0,0.8400274214938928,0.8891361783121485,0
115672282,0,0.8617477168552825,0.8891361783121485,0
160066988,0,0.473541443622297,0.8891361783121485,0
833108938,0,0.3376985192379854,0.8891361783121485,0
112639569,0,0.24061087479640522,0.8891361783121485,0
9039391461,0,0.003526412933919684,0.8891361783121485,0
126608256,0,0.5984944661735605,0.8891361783121485,0
123634192,0,0.43851235806177863,0.8891361783121485,0
201912779,0,0.25748245641990586,0.8891361783121485,0
833022859,0,0.6236331154824123,0.8891361783121485,0
833171283,0,0.601461958156613,0.8891361783121485,0
126672180,0,0.13065247289185966,0.8891361783121485,0
115907741,0,0.5695777644394934,0.8891361783121485,0
830177174,0,0.884170619357322,0.8891361783121485,0
200230398,0,0.2678887447552354,0.8891361783121485,0
836163459,0,0.9346377371446366,0.8891361783121485,1
201853170,0,0.5748881299971167,0.8891361783121485,0
160057918,0,0.5196999467692309,0.8891361783121485,0
175185069,0,0.5217184704769294,0.8891361783121485,0
200463363,0,0.2517622386411986,0.8891361783121485,0
160134535,0,0.33588964806790345,0.8891361783121485,0
201496957,0,0.541476110599636,0.8891361783121485,0
115585308,1,0.029288725386407533,0.8891361783121485,0
123756716,0,0.00029794208679735315,0.8891361783121485,0
115254754,0,0.871319209053866,0.8891361783121485,0
160081260,1,0.20634136708754705,0.8891361783121485,0
115580663,0,0.7058036910628356,0.8891361783121485,0
126645137,0,0.6240252193319676,0.8891361783121485,0
120506771,0,0.5653600732712174,0.8891361783121485,0
115826360,0,0.518499828560655,0.8891361783121485,0
126676175,0,0.7669853438431269,0.8891361783121485,0
160046697,0,0.8513067356177392,0.8891361783121485,0
480300,0,0.8888483628643353,0.8891361783121485,0
115014195,0,0.8858671414252138,0.8891361783121485,0
115832139,0,0.8709267491673253,0.8891361783121485,0
40127938,0,0.7014923406839259,0.8891361783121485,0
123562704,0,0.9748916942825105,0.8891361783121485,1
201709191,0,0.11692718086733858,0.8891361783121485,0
115823080,0,0.6917092088975145,0.8891361783121485,0
825157501,0,0.1179623246464745,0.8891361783121485,0
123730529,0,0.15926544597078318,0.8891361783121485,0
115559167,0,0.8690449258745747,0.8891361783121485,0
459014,0,0.2840257354510357,0.8891361783121485,0
112612547,0,0.746629269247836,0.8891361783121485,0
115846644,0,0.9187058938624971,0.8891361783121485,1
115835231,0,0.8949372311553608,0.8891361783121485,1
123696190,0,0.6238247344146526,0.8891361783121485,0
833164029,0,0.4404065247785386,0.8891361783121485,0
160021772,0,0.35827090804523065,0.8891361783121485,0
126652402,0,0.35625596803892495,0.8891361783121485,0
123110019,0,0.4215219848280695,0.8891361783121485,0
123637110,0,0.13790723057898158,0.8891361783121485,0
200748750,0,0.6039873522869742,0.8891361783121485,0
108013984,0,0.5907934535193411,0.8891361783121485,0
175346775,0,0.042779625298323506,0.8891361783121485,0
160014607,0,0.7967714233293299,0.8891361783121485,0
825357110,0,0.48025069905468276,0.8891361783121485,0
201856736,0,0.5181355781226128,0.8891361783121485,0
126175354,0,0.40100325659851976,0.8891361783121485,0
891294,0,0.2968481667694436,0.8891361783121485,0
115774401,0,0.35040803185277797,0.8891361783121485,0
115288495,0,0.30230528955963404,0.8891361783121485,0
160030668,0,0.7069308605560716,0.8891361783121485,0
126734582,0,0.6367504913622832,0.8891361783121485,0
836224613,0,0.7092913799935499,0.8891361783121485,0
115846808,0,0.7862249245683642,0.8891361783121485,0
126644341,0,0.8236120642195863,0.8891361783121485,0
40141304,0,0.8198085109990251,0.8891361783121485,0
126066357,0,0.033946437438333546,0.8891361783121485,0
112612999,0,0.13256691627587897,0.8891361783121485,0
123655514,0,0.13216446852681413,0.8891361783121485,0
40521541,0,0.0498844190522057,0.8891361783121485,0
123697189,0,0.8056554779883941,0.8891361783121485,0
201105522,0,0.7205051892027354,0.8891361783121485,0
201103966,0,0.674871171444407,0.8891361783121485,0
160090100,0,0.9445367931296819,0.8891361783121485,1
833095743,0,0.6467050118457497,0.8891361783121485,0
1.22E+12,0,0.34029959487689726,0.8891361783121485,0
123064109,0,0.1375518168460867,0.8891361783121485,0
126703042,0,0.514746163773788,0.8891361783121485,0
126511622,0,0.44290309920203585,0.8891361783121485,0
115104155,0,0.834215496961713,0.8891361783121485,0
115885177,0,0.6355456645717956,0.8891361783121485,0
825354840,0,0.894283883998369,0.8891361783121485,1
112078171,0,0.6154350678045278,0.8891361783121485,0
202463878,0,0.8964156175919179,0.8891361783121485,1
825197702,0,0.7568236952484353,0.8891361783121485,0
822144671,1,0.1693212056432119,0.8891361783121485,0
201802432,0,0.723244778475286,0.8891361783121485,0
123663308,0,0.642604915333496,0.8891361783121485,0
825270367,0,0.14491458743410027,0.8891361783121485,0
115779697,0,0.9697717818309113,0.8891361783121485,1
825109079,0,0.8478651642472467,0.8891361783121485,0
115521572,0,0.3195417734027529,0.8891361783121485,0
202487021,0,0.7943678176992468,0.8891361783121485,0
115880333,0,0.5964243198173047,0.8891361783121485,0
115102880,0,0.8563183851629139,0.8891361783121485,0
201791352,0,0.6647875718742777,0.8891361783121485,0
123145543,0,0.5935755417111626,0.8891361783121485,0
126579776,0,0.5136411850580855,0.8891361783121485,0
4554710017,0,0.29032072045414226,0.8891361783121485,0
200587304,0,0.6287821521636692,0.8891361783121485,0
102689303,0,0.8769006835796234,0.8891361783121485,0
112104577,0,0.21558745476436336,0.8891361783121485,0
112595585,0,0.5646550014768092,0.8891361783121485,0
115808422,0,0.8726396853776343,0.8891361783121485,0
833054102,0,0.6854155313846508,0.8891361783121485,0
123695640,0,0.2534049158468822,0.8891361783121485,0
123514620,0,0.914762415045888,0.8891361783121485,1
202468416,0,0.04775250619851036,0.8891361783121485,0
40037145,0,0.5321439347390575,0.8891361783121485,0
123545523,0,0.295110507847536,0.8891361783121485,0
160096262,0,0.381625808708097,0.8891361783121485,0
201663979,0,0.5805194682967478,0.8891361783121485,0
833130087,0,0.590451839872399,0.8891361783121485,0
115788543,1,0.5226962153188996,0.8891361783121485,0
123607537,0,0.7778117183405064,0.8891361783121485,0
40168194,0,0.9159986524991698,0.8891361783121485,1
126721866,0,0.45847824297553985,0.8891361783121485,0
115168364,0,0.38806429965906686,0.8891361783121485,0
115114473,0,0.01892433911029332,0.8891361783121485,0
123715961,0,0.28292817830174777,0.8891361783121485,0
115278309,0,0.5847518708670558,0.8891361783121485,0
115014996,0,0.6941987156547831,0.8891361783121485,0
833008119,0,0.1628586282271102,0.8891361783121485,0
115651021,0,0.053949729509340766,0.8891361783121485,0
123760636,0,0.15572767947074992,0.8891361783121485,0
102061501,0,0.2885693679397452,0.8891361783121485,0
115010768,0,0.044276644048355226,0.8891361783121485,0
112055404,0,0.010011041022814303,0.8891361783121485,0
160064535,0,0.7324218035241495,0.8891361783121485,0
812097569,0,0.9682463382776499,0.8891361783121485,1
825259577,1,0.34780409879327256,0.8891361783121485,0
825054202,0,0.9410261352221837,0.8891361783121485,1
115632722,0,0.8361019683707268,0.8891361783121485,0
115048055,0,0.5762221666232916,0.8891361783121485,0
115217637,0,0.9700072006467646,0.8891361783121485,1
40208233,0,0.4414482183676749,0.8891361783121485,0
160116359,0,0.7944917572057786,0.8891361783121485,0
2.02E+12,0,0.26920454010223044,0.8891361783121485,0
201867946,0,0.5630132403228143,0.8891361783121485,0
115773694,0,0.40005838375914515,0.8891361783121485,0
115525097,0,0.33050074762372944,0.8891361783121485,0
126739992,0,0.15801856448429968,0.8891361783121485,0
123636987,0,0.5956481845421631,0.8891361783121485,0
115327966,0,0.8238530684558831,0.8891361783121485,0
201716200,0,0.0764746801810546,0.8891361783121485,0
160080589,0,0.7798674514071258,0.8891361783121485,0
115064611,0,0.8854414679369261,0.8891361783121485,0
30264333,0,0.86138285552361,0.8891361783121485,0
200143630,1,0.07706325892617116,0.8891361783121485,0
160047824,1,0.5460763515252265,0.8891361783121485,0
108030975,0,0.5674428130570154,0.8891361783121485,0
200461615,0,0.17839631662100286,0.8891361783121485,0
123742264,0,0.6228009838190467,0.8891361783121485,0
825010565,0,0.21820303984888584,0.8891361783121485,0
115890530,0,0.9087299640925735,0.8891361783121485,1
115871409,0,0.4343184524164235,0.8891361783121485,0
115754831,0,0.10219243759346242,0.8891361783121485,0
115262012,0,0.08364123026814123,0.8891361783121485,0
351978,0,0.05143457434431184,0.8891361783121485,0
112584546,0,0.622617404046006,0.8891361783121485,0
160053297,0,0.0039207512981604565,0.8891361783121485,0
115824772,0,0.8985602555482011,0.8891361783121485,1
115760070,0,0.5402091965607896,0.8891361783121485,0
115845767,0,0.9172619027932719,0.8891361783121485,1
112537984,0,0.7294086999980796,0.8891361783121485,0
825283756,0,0.7923690704167368,0.8891361783121485,0
120613665,1,0.5294325509879146,0.8891361783121485,0
112528985,0,0.06570954670171002,0.8891361783121485,0
200653551,1,0.6755211460388899,0.8891361783121485,0
200179085,0,0.34614378005603164,0.8891361783121485,0
160072521,1,0.1585253099908231,0.8891361783121485,0
102880384,0,0.5919180578137428,0.8891361783121485,0
160112282,0,0.9292966904390932,0.8891361783121485,1
115799269,0,0.9783739441924176,0.8891361783121485,1
123524290,0,0.246427280947747,0.8891361783121485,0
833067676,0,0.4991678267556727,0.8891361783121485,0
126746271,0,0.19788559055976726,0.8891361783121485,0
115742193,0,0.8524241777647269,0.8891361783121485,0
120523497,0,0.2590794892220619,0.8891361783121485,0
115045066,0,0.5925033049420476,0.8891361783121485,0
40594062,0,0.9404348534257942,0.8891361783121485,1
115089461,0,0.04073540524925598,0.8891361783121485,0
115352834,0,0.8882708105240151,0.8891361783121485,0
115253380,0,0.5014703078331951,0.8891361783121485,0
200076007,0,0.5143826979453943,0.8891361783121485,0
123626975,0,0.9262202359499342,0.8891361783121485,1
431367,0,0.6334363286210651,0.8891361783121485,0
115553844,0,0.565000501326641,0.8891361783121485,0
175140106,1,0.9039798668822332,0.8891361783121485,1
202332722,0,0.035692566228903315,0.8891361783121485,0
160114857,0,0.4486956511063671,0.8891361783121485,0
120547622,0,0.06159312873793313,0.8891361783121485,0
112583024,0,0.01771111521782657,0.8891361783121485,0
452984,0,0.34077213738578843,0.8891361783121485,0
123676631,0,0.08321316287148131,0.8891361783121485,0
126612151,0,0.5810836766711657,0.8891361783121485,0
123724896,0,0.029402669522741582,0.8891361783121485,0
160060736,0,0.49494639653491046,0.8891361783121485,0
126503369,0,0.6985540284295648,0.8891361783121485,0
833072171,0,0.5495107214196453,0.8891361783121485,0
112618906,0,0.37014061268910087,0.8891361783121485,0
115779971,0,0.5302998879233456,0.8891361783121485,0
112572145,0,0.7465885943467555,0.8891361783121485,0
115679444,0,0.7033052385658976,0.8891361783121485,0
200324805,0,0.8290626975499222,0.8891361783121485,0
115763682,0,0.9223631232742664,0.8891361783121485,1
115837442,0,0.45173405387562104,0.8891361783121485,0
123675997,1,0.40719306261653454,0.8891361783121485,0
202432459,0,0.2032095207511473,0.8891361783121485,0
115297074,0,0.5005886552656366,0.8891361783121485,0
126589603,1,0.37512144796952646,0.8891361783121485,0
3515800122,1,0.1472792843144549,0.8891361783121485,0
160113199,0,0.4876669569086332,0.8891361783121485,0
126637311,0,0.5357156283585918,0.8891361783121485,0
115817280,0,0.5362751198926567,0.8891361783121485,0
115621195,0,0.9264668382542172,0.8891361783121485,1
123636962,0,0.7114969496517135,0.8891361783121485,0
201357288,0,0.15579201769292472,0.8891361783121485,0
201052742,0,0.15590253394097003,0.8891361783121485,0
160041668,0,0.6794273774961993,0.8891361783121485,0
200790258,0,0.6079137267749519,0.8891361783121485,0
115062585,0,0.18014973940528628,0.8891361783121485,0
160108608,0,0.5286084593500189,0.8891361783121485,0
115000263,0,0.8152534450163533,0.8891361783121485,0
200403108,0,0.782712737289991,0.8891361783121485,0
112662240,0,0.14499457805857285,0.8891361783121485,0
160071063,0,0.7583944483052278,0.8891361783121485,0
822076994,0,0.5869670932567419,0.8891361783121485,0
201302078,0,0.2744684904492471,0.8891361783121485,0
160100287,0,0.6216199591261133,0.8891361783121485,0
115117263,0,0.5231545607014043,0.8891361783121485,0
112551457,0,0.6718131536071968,0.8891361783121485,0
20810912,0,0.11892266000175473,0.8891361783121485,0
160125461,1,0.42450931081439225,0.8891361783121485,0
115538842,0,0.7545616029718758,0.8891361783121485,0
115657106,0,0.647892681060874,0.8891361783121485,0
200279301,0,0.42725884082437693,0.8891361783121485,0
200301219,0,0.3227103076612624,0.8891361783121485,0
115852162,0,0.8387277476632964,0.8891361783121485,0
30156681,0,0.7693283573491845,0.8891361783121485,0
200083911,0,0.6994191064214952,0.8891361783121485,0
112096714,0,0.1891402381502046,0.8891361783121485,0
833107163,0,0.6376793451938803,0.8891361783121485,0
836146125,0,0.041312308695567096,0.8891361783121485,0
123743334,0,0.2922483995780607,0.8891361783121485,0
115117932,0,0.2332508435275035,0.8891361783121485,0
121164370,0,0.3786527449916675,0.8891361783121485,0
123716465,0,0.27071167168867705,0.8891361783121485,0
123503563,0,0.266314864925619,0.8891361783121485,0
115069829,0,0.6566744689614576,0.8891361783121485,0
115654423,0,0.4148303054949775,0.8891361783121485,0
115549949,0,0.026791059404912027,0.8891361783121485,0
102033523,1,0.9851501199092026,0.8891361783121485,1
123635732,0,0.552514949373919,0.8891361783121485,0
160065893,0,0.11286836783974226,0.8891361783121485,0
115767093,0,0.8111365075215593,0.8891361783121485,0
201026854,0,0.0592427856633391,0.8891361783121485,0
126630726,0,0.8309770494558257,0.8891361783121485,0
115078194,0,0.6140225379305155,0.8891361783121485,0
115004330,0,0.7427717883496512,0.8891361783121485,0
200554553,0,0.21967297501271082,0.8891361783121485,0
115527034,0,0.05272268918729319,0.8891361783121485,0
123517770,0,0.8248155639421282,0.8891361783121485,0
825330743,0,0.04404646801427008,0.8891361783121485,0
115581740,0,0.9536950761375329,0.8891361783121485,1
200407311,1,0.8671064867527722,0.8891361783121485,0
115262657,0,0.5888034659594479,0.8891361783121485,0
200070584,0,0.36209319839794096,0.8891361783121485,0
160134297,0,0.5364985837199854,0.8891361783121485,0
160050293,0,0.7559739510446829,0.8891361783121485,0
115296232,0,0.9173000177508897,0.8891361783121485,1
200050756,0,0.3670361773312305,0.8891361783121485,0
115639154,0,0.9039766306706281,0.8891361783121485,1
115810915,0,0.29106441224159996,0.8891361783121485,0
4715040428,0,0.36330475679963403,0.8891361783121485,0
200603267,0,0.9465827312809899,0.8891361783121485,1
825300860,0,0.47633488162639515,0.8891361783121485,0
160051705,0,0.147737251945472,0.8891361783121485,0
115621576,0,0.4493231998753795,0.8891361783121485,0
160081709,0,0.006385971250913319,0.8891361783121485,0
825284484,0,0.5820444257570156,0.8891361783121485,0
458211,0,0.058083749329507287,0.8891361783121485,0
160090252,0,0.679186635970729,0.8891361783121485,0
126065878,0,0.5354482447558773,0.8891361783121485,0
115292440,0,0.48374006554619997,0.8891361783121485,0
804898,0,0.29261477976986516,0.8891361783121485,0
123620328,0,0.5091309843556697,0.8891361783121485,0
123639008,0,0.19674254603283386,0.8891361783121485,0
201109588,0,0.40648847096673235,0.8891361783121485,0
112574783,0,0.8386943954583435,0.8891361783121485,0
112649346,0,0.6114570128589059,0.8891361783121485,0
115301494,0,0.5864423236160613,0.8891361783121485,0
130923546,0,0.4277237761540603,0.8891361783121485,0
115231213,0,0.34436559938958616,0.8891361783121485,0
117030351,0,0.53733502091869,0.8891361783121485,0
115827195,0,0.5827088697176821,0.8891361783121485,0
112503957,0,0.3947776621354506,0.8891361783121485,0
200715686,0,0.8762548741847336,0.8891361783121485,0
123161152,0,0.8519929788018823,0.8891361783121485,0
200093005,0,0.1893679353814538,0.8891361783121485,0
115109519,0,0.6753870608931845,0.8891361783121485,0
115050661,1,0.9784436580244329,0.8891361783121485,1
126055294,0,0.6842773685203827,0.8891361783121485,0
115256540,0,0.8861759482708184,0.8891361783121485,0
201119575,0,0.1868143393680191,0.8891361783121485,0
20469681,0,0.23556170057001613,0.8891361783121485,0
825169585,0,0.18842048492670765,0.8891361783121485,0
126620931,0,0.8692981478102229,0.8891361783121485,0
123058088,0,0.4939812319551779,0.8891361783121485,0
160095616,0,0.0436912016050329,0.8891361783121485,0
200387289,0,0.6606393722531255,0.8891361783121485,0
123648726,0,0.12109851994721796,0.8891361783121485,0
200188668,0,0.22335466298146864,0.8891361783121485,0
115257184,0,0.761870177511808,0.8891361783121485,0
825277543,1,0.23042681371680168,0.8891361783121485,0
115561218,0,0.2419373768368014,0.8891361783121485,0
201570471,0,0.5555132661902151,0.8891361783121485,0
818048366,0,0.7885123843501867,0.8891361783121485,0
200868244,0,0.2096955364313876,0.8891361783121485,0
115628115,0,0.5783514382196433,0.8891361783121485,0
112586796,0,0.9574289528334415,0.8891361783121485,1
836033437,0,0.6216969423497732,0.8891361783121485,0
825204196,0,0.3933324405585131,0.8891361783121485,0
200200056,0,0.038493808633021126,0.8891361783121485,0
200511915,0,0.45663112569455655,0.8891361783121485,0
200095046,0,0.5132690170851568,0.8891361783121485,0
115796554,0,0.08229178691385117,0.8891361783121485,0
115857288,0,0.4198557435758379,0.8891361783121485,0
112658879,0,0.4679347873773239,0.8891361783121485,0
115330777,0,0.11875917746257299,0.8891361783121485,0
120068967,0,0.9706887647599285,0.8891361783121485,1
115535305,0,0.690424416893142,0.8891361783121485,0
200763154,0,0.8703991545045506,0.8891361783121485,0
435974,0,0.9637525257873015,0.8891361783121485,1
825284363,0,0.6078348603957335,0.8891361783121485,0
108015261,0,0.12419213536131765,0.8891361783121485,0
123619728,0,0.5348806889407816,0.8891361783121485,0
112661505,0,0.06604299026717408,0.8891361783121485,0
115870474,0,0.9207975517250747,0.8891361783121485,1
160057252,0,0.43711015453086965,0.8891361783121485,0
108573519,0,0.927062109224128,0.8891361783121485,1
40358165,0,0.021732882149528433,0.8891361783121485,0
108684074,0,0.6366724643987312,0.8891361783121485,0
825250279,0,0.2329385074400158,0.8891361783121485,0
126165088,0,0.6577258201332286,0.8891361783121485,0
200407560,0,0.5060749457144894,0.8891361783121485,0
115869116,0,0.616129165170342,0.8891361783121485,0
160134179,0,0.738028369561536,0.8891361783121485,0
123679337,0,0.09330382323543024,0.8891361783121485,0
200268858,0,0.49373642820074637,0.8891361783121485,0
123739243,0,0.6027963754218422,0.8891361783121485,0
825083684,0,0.5909598094184851,0.8891361783121485,0
200946111,0,0.5954322887963881,0.8891361783121485,0
200225127,0,0.9564871282250742,0.8891361783121485,1
123759477,0,0.638726634656452,0.8891361783121485,0
115557675,0,0.6639088082017909,0.8891361783121485,0
200727934,0,0.45175125366721075,0.8891361783121485,0
112531611,0,0.8186984190378007,0.8891361783121485,0
201626151,0,0.8839530168285682,0.8891361783121485,0
126695834,0,0.9325363421180837,0.8891361783121485,1
160066179,0,0.6840126981331762,0.8891361783121485,0
108508496,0,0.8949991215871669,0.8891361783121485,1
202416405,0,0.26792394777499856,0.8891361783121485,0
201507670,0,0.6514043527930725,0.8891361783121485,0
126039844,1,0.9587592005677275,0.8891361783121485,1
200433320,0,0.2034830949505534,0.8891361783121485,0
115058149,0,0.5659124457981162,0.8891361783121485,0
160076516,0,0.7329264920435937,0.8891361783121485,0
200386269,0,0.1740256725991019,0.8891361783121485,0
123061860,1,0.15882786155823997,0.8891361783121485,0
115888013,0,0.52068369705711,0.8891361783121485,0
123541222,0,0.15914740824651244,0.8891361783121485,0
123135874,0,0.411152825750558,0.8891361783121485,0
175174763,0,0.6110389370208555,0.8891361783121485,0
160084694,0,0.08823667540730284,0.8891361783121485,0
200050667,0,0.8847004217381622,0.8891361783121485,0
123678865,0,0.2031208316782253,0.8891361783121485,0
200501077,0,0.21140064664267738,0.8891361783121485,0
112622947,0,0.025954908248573563,0.8891361783121485,0
123557486,0,0.48887696988457985,0.8891361783121485,0
160112695,0,0.28193776506900137,0.8891361783121485,0
112090953,0,0.15490291474103512,0.8891361783121485,0
126042025,0,0.7740208642921834,0.8891361783121485,0
126540983,0,0.604047634690586,0.8891361783121485,0
108013680,0,0.5469008354101952,0.8891361783121485,0
200407845,0,0.8169562030157353,0.8891361783121485,0
822103690,0,0.5898800212002013,0.8891361783121485,0
123002292,0,0.20653424419038952,0.8891361783121485,0
115641931,0,0.26611789105851635,0.8891361783121485,0
833109965,0,0.5706153001634562,0.8891361783121485,0
123676070,0,0.43161590762273006,0.8891361783121485,0
160127156,0,0.30610523828832154,0.8891361783121485,0
160062107,0,0.37760525582497667,0.8891361783121485,0
115605255,0,0.6940188364718389,0.8891361783121485,0
112584286,0,0.18511746917507496,0.8891361783121485,0
123735782,0,0.7040233786790825,0.8891361783121485,0
825066215,0,0.8992729642060038,0.8891361783121485,1
112670365,0,0.5396196812622602,0.8891361783121485,0
123572449,0,0.46864539977713904,0.8891361783121485,0
30190185,1,0.8362897738667605,0.8891361783121485,0
160059004,0,0.9839804271833832,0.8891361783121485,1
120550821,0,0.30780372240009635,0.8891361783121485,0
126727402,0,0.06446073216251408,0.8891361783121485,0
20996776,0,0.1045409845437612,0.8891361783121485,0
200744321,1,0.6515307667710902,0.8891361783121485,0
202334926,0,0.5345784272273191,0.8891361783121485,0
115646985,0,0.6407413285265644,0.8891361783121485,0
115814707,0,0.45460329391530774,0.8891361783121485,0
825294293,0,0.3712503014882499,0.8891361783121485,0
126504243,0,0.5463390496465635,0.8891361783121485,0
6509074446SMB,0,0.7902920099550543,0.8891361783121485,0
123622603,0,0.7701756266771917,0.8891361783121485,0
818003816,0,0.9204890159642405,0.8891361783121485,1
123763237,0,0.5648170003264223,0.8891361783121485,0
201346548,0,0.39815749230358866,0.8891361783121485,0
30240186,0,0.16529466163651393,0.8891361783121485,0
40887859,0,0.3695327188942177,0.8891361783121485,0
131116057,0,0.0737575191017793,0.8891361783121485,0
115171595,0,0.6177203637015487,0.8891361783121485,0
115305247,0,0.7918006016685244,0.8891361783121485,0
825393895,0,0.7281637622483056,0.8891361783121485,0
123725051,0,0.1170601126611165,0.8891361783121485,0
115029432,0,0.2658980003640862,0.8891361783121485,0
833090625,0,0.43875096036226746,0.8891361783121485,0
115774119,0,0.3909834181992178,0.8891361783121485,0
836035865,0,0.4260399834046039,0.8891361783121485,0
108552304,0,0.2907850320116475,0.8891361783121485,0
108682283,0,0.8291755818337415,0.8891361783121485,0
115884353,0,0.5189938317546925,0.8891361783121485,0
123602472,0,0.20726480996548607,0.8891361783121485,0
115881104,1,0.9654090392890256,0.8891361783121485,1
126730598,0,0.03894128053626686,0.8891361783121485,0
123738465,1,0.6952190988277489,0.8891361783121485,0
130986500,0,0.9859492268176894,0.8891361783121485,1
108013011,0,0.5084107974196409,0.8891361783121485,0
40523649,0,0.6984552955908256,0.8891361783121485,0
115630568,0,0.6728283605279335,0.8891361783121485,0
123049363,0,0.3696528568613181,0.8891361783121485,0
201909975,1,0.8423989914184743,0.8891361783121485,0
115793939,0,0.9393017183928223,0.8891361783121485,1
811155458,0,0.4501358349765301,0.8891361783121485,0
822068136,0,0.4523836856004231,0.8891361783121485,0
40163076,0,0.4477442337701151,0.8891361783121485,0
201408940,0,0.024177539912417705,0.8891361783121485,0
115060666,1,0.6232014407063118,0.8891361783121485,0
833090640,0,0.12423275597614249,0.8891361783121485,0
160067944,0,0.5750153562476726,0.8891361783121485,0
115090638,1,0.02873210103291182,0.8891361783121485,0
108552368,0,0.4960856723251712,0.8891361783121485,0
830170756,0,0.569431163308787,0.8891361783121485,0
120546673,0,0.4009586713544911,0.8891361783121485,0
115151112,0,0.576129596891608,0.8891361783121485,0
4715040466,0,0.027587506460125068,0.8891361783121485,0
126111539,0,0.1172664118096675,0.8891361783121485,0
160122052,0,0.7233653591641267,0.8891361783121485,0
119089302,0,0.010281025745694042,0.8891361783121485,0
201243441,0,0.6132609254415433,0.8891361783121485,0
822084838,0,0.6944455756455264,0.8891361783121485,0
123507423,0,0.7114072240578163,0.8891361783121485,0
115864397,0,0.7803451081433116,0.8891361783121485,0
160050980,0,0.3508019462644625,0.8891361783121485,0
126663459,0,0.39580714639917913,0.8891361783121485,0
112517451,0,0.24328609327502754,0.8891361783121485,0
115021268,0,0.30452542433569596,0.8891361783121485,0
123697342,1,0.6218515744389896,0.8891361783121485,0
115873634,0,0.6067543520182922,0.8891361783121485,0
115790462,0,0.8713014225664557,0.8891361783121485,0
160097706,1,0.5636836694586707,0.8891361783121485,0
201658836,0,0.4166630091975677,0.8891361783121485,0
825182248,0,0.7589274096841373,0.8891361783121485,0
123621946,0,0.6011158636990276,0.8891361783121485,0
115795210,0,0.6715774827645141,0.8891361783121485,0
115055726,0,0.6859720026971066,0.8891361783121485,0
108683392,0,0.1295914879887558,0.8891361783121485,0
200441751,0,0.2890170870764595,0.8891361783121485,0
812076,0,0.16502218240243494,0.8891361783121485,0
115897731,0,0.4178690176958888,0.8891361783121485,0
115763789,0,0.46704982889229796,0.8891361783121485,0
112037694,0,0.7880708469742095,0.8891361783121485,0
108573003,1,0.6408565918766624,0.8891361783121485,0
126722256,0,0.16333891680717186,0.8891361783121485,0
201998689,0,0.22505686408471937,0.8891361783121485,0
822147772,0,0.03846474082641844,0.8891361783121485,0
115112839,0,0.11936840121296868,0.8891361783121485,0
40016702,0,0.4959269207754196,0.8891361783121485,0
40425856,0,0.9766078963886112,0.8891361783121485,1
160051751,0,0.7937257551532736,0.8891361783121485,0
200697576,0,0.5275743914205178,0.8891361783121485,0
160134880,0,0.45301362891307256,0.8891361783121485,0
115855419,0,0.85774859791844,0.8891361783121485,0
115331782,0,0.7397836671851854,0.8891361783121485,0
108019046,0,0.693472732159427,0.8891361783121485,0
200108914,0,0.37546714192159797,0.8891361783121485,0
160070634,0,0.2929308908311699,0.8891361783121485,0
200281364,0,0.3742397753622544,0.8891361783121485,0
115941003,0,0.6830014013243824,0.8891361783121485,0
202518357,0,0.057299850080281184,0.8891361783121485,0
126618001,0,0.8779632149479978,0.8891361783121485,0
123665437,0,0.3998993991827535,0.8891361783121485,0
115808387,0,0.21561470542518454,0.8891361783121485,0
833126831,0,0.04980379581960058,0.8891361783121485,0
201781148,0,0.5061486599815367,0.8891361783121485,0
30102573,1,0.07026494504331948,0.8891361783121485,0
120600523,0,0.5367983583721707,0.8891361783121485,0
120537585,0,0.7636937418344998,0.8891361783121485,0
115844084,0,0.7541504909631522,0.8891361783121485,0
126637539,0,0.5453709360526188,0.8891361783121485,0
115560739,0,0.5014881592908581,0.8891361783121485,0
825394991,0,0.2768809327267263,0.8891361783121485,0
108042917,0,0.5285450433011742,0.8891361783121485,0
115661827,0,0.05601160783785302,0.8891361783121485,0
833003691,0,0.49388356688088664,0.8891361783121485,0
200316356,0,0.4274208792914066,0.8891361783121485,0
160055600,0,0.8951677964912006,0.8891361783121485,1
115542050,0,0.27954320970850544,0.8891361783121485,0
892161,0,0.4069665690386265,0.8891361783121485,0
112587972,0,0.9605802231963787,0.8891361783121485,1
126730915,0,0.9221498780838001,0.8891361783121485,1
160034307,0,0.3871169447250302,0.8891361783121485,0
112589041,0,0.7662277599140872,0.8891361783121485,0
160087992,0,0.9643402369341002,0.8891361783121485,1
40750166,0,0.06604263890804697,0.8891361783121485,0
126579840,0,0.47088977567641016,0.8891361783121485,0
201602442,0,0.7443696563516258,0.8891361783121485,0
160094642,0,0.3237368422177628,0.8891361783121485,0
112585305,0,0.31466571810343996,0.8891361783121485,0
200840387,0,0.12162394200473918,0.8891361783121485,0
160008725,1,0.076943134588386,0.8891361783121485,0
115314146,1,0.5820989588996441,0.8891361783121485,0
825235918,0,0.7500310549723169,0.8891361783121485,0
8805016132SMB,0,0.23375538385702005,0.8891361783121485,0
126736117,0,0.6014007829751009,0.8891361783121485,0
833155126,0,0.13062727546428074,0.8891361783121485,0
123017629,0,0.522911035272791,0.8891361783121485,0
40191296,1,0.33717026026159486,0.8891361783121485,0
825367791,0,0.296461715447384,0.8891361783121485,0
126022777,0,0.47376642654076273,0.8891361783121485,0
112652246,0,0.6839230631511248,0.8891361783121485,0
40527213,0,0.6188994380163688,0.8891361783121485,0
126627139,0,0.09145015296812309,0.8891361783121485,0
201408477,0,0.2943226884376347,0.8891361783121485,0
160129641,0,0.5985935305049672,0.8891361783121485,0
825151217,0,0.22930091174988415,0.8891361783121485,0
7301277550SMB,0,0.27825836226285056,0.8891361783121485,0
833129252,0,0.5718538289587378,0.8891361783121485,0
822119140,0,0.18718742893676474,0.8891361783121485,0
101552198,0,0.5876508574070438,0.8891361783121485,0
30123603,1,0.9396536725319451,0.8891361783121485,1
200921647,0,0.40849328860765266,0.8891361783121485,0
160100522,0,0.6207909363326574,0.8891361783121485,0
160102345,0,0.4225267481704909,0.8891361783121485,0
115571618,0,0.45297223443034773,0.8891361783121485,0
825316537,0,0.512246919159528,0.8891361783121485,0
126045669,0,0.3016916626163903,0.8891361783121485,0
822019655,0,0.6622320741093547,0.8891361783121485,0
115806339,1,0.19676419261953004,0.8891361783121485,0
115507875,0,0.4923607593295972,0.8891361783121485,0
4715040413,0,0.7860234200512154,0.8891361783121485,0
115085662,0,0.8976393312060171,0.8891361783121485,1
120562600,0,0.5587353432714465,0.8891361783121485,0
129004617,0,0.20278711517994819,0.8891361783121485,0
112633559,0,0.5843360482551239,0.8891361783121485,0
108514264,0,0.9607464659606558,0.8891361783121485,1
200396644,0,0.1733498700479557,0.8891361783121485,0
126014524,0,0.4234241054053062,0.8891361783121485,0
160064122,0,0.5288437561950508,0.8891361783121485,0
120034413,1,0.6573076648293402,0.8891361783121485,0
115768544,0,0.9654097421805337,0.8891361783121485,1
822133107,0,0.43789735831153115,0.8891361783121485,0
123150049,0,0.1539226930597744,0.8891361783121485,0
112050243,0,0.5083061288986064,0.8891361783121485,0
115057022,0,0.31928504359321586,0.8891361783121485,0
112019326,0,0.36477526144938155,0.8891361783121485,0
201583472,0,0.7214301190043177,0.8891361783121485,0
115830558,0,0.9198176673116152,0.8891361783121485,1
123104518,0,0.36833649214390324,0.8891361783121485,0
115169968,0,0.7063723231895771,0.8891361783121485,0
40138151,0,0.3891343032417772,0.8891361783121485,0
200210207,0,0.4543298031665819,0.8891361783121485,0
40573770,0,0.06387697265086877,0.8891361783121485,0
120507695,0,0.31928530618853984,0.8891361783121485,0
126556717,0,0.44727939569368125,0.8891361783121485,0
126164145,0,0.29842809957431826,0.8891361783121485,0
121227333,0,0.11479963083830749,0.8891361783121485,0
115763942,0,0.5541342473950805,0.8891361783121485,0
115858080,0,0.3762790509729546,0.8891361783121485,0
123155701,0,0.21764670240402645,0.8891361783121485,0
123740441,0,0.476208750283415,0.8891361783121485,0
115341528,0,0.43136058527099813,0.8891361783121485,0
833170039,0,0.21016404373894257,0.8891361783121485,0
471013,0,0.9511520710260709,0.8891361783121485,1
160104879,0,0.09614357584730815,0.8891361783121485,0
200153514,0,0.7370102189397103,0.8891361783121485,0
822146478,0,0.4622864872216067,0.8891361783121485,0
200067887,1,0.8472054072117412,0.8891361783121485,0
115545363,0,0.6956422850237544,0.8891361783121485,0
40468206,0,0.7967655210273068,0.8891361783121485,0
115147142,0,0.27794604378952026,0.8891361783121485,0
126743250,1,0.9003342892067243,0.8891361783121485,1
123059852,0,0.24860426219314644,0.8891361783121485,0
108555033,0,0.40498655802199546,0.8891361783121485,0
201154238,0,0.9302348167096663,0.8891361783121485,1
123024431,0,0.7301773557244654,0.8891361783121485,0
825161970,0,0.8813025089337639,0.8891361783121485,0
123728752,1,0.4501109477891271,0.8891361783121485,0
201931391,0,0.3404898867411919,0.8891361783121485,0
201364806,0,0.7688623850365152,0.8891361783121485,0
200814912,0,0.8085858534189225,0.8891361783121485,0
201517515,0,0.5994447141030135,0.8891361783121485,0
123093993,0,0.19113071220735084,0.8891361783121485,0
123675919,0,0.13167073514701763,0.8891361783121485,0
115173913,0,0.3608853382185395,0.8891361783121485,0
123638408,0,0.69723313808647,0.8891361783121485,0
160028934,0,0.09775322362025467,0.8891361783121485,0
126733352,0,0.6816674259723748,0.8891361783121485,0
108572627,0,0.5918189661659543,0.8891361783121485,0
115783980,0,0.29922347193492305,0.8891361783121485,0
115352243,0,0.18619508704040744,0.8891361783121485,0
115136466,1,0.3217415537782575,0.8891361783121485,0
126726571,0,0.6222513671281417,0.8891361783121485,0
115532000,0,0.08699541924743595,0.8891361783121485,0
115623940,0,0.6448036289840767,0.8891361783121485,0
115868683,1,0.8258495196030324,0.8891361783121485,0
818009840,0,0.7548912500800258,0.8891361783121485,0
201024547,0,0.6623547191196941,0.8891361783121485,0
115806849,0,0.4392483685173133,0.8891361783121485,0
123517143,0,0.2662423824368133,0.8891361783121485,0
115046715,0,0.02647946184150677,0.8891361783121485,0
201467628,0,0.9394500802462551,0.8891361783121485,1
115773256,0,0.5027362443729314,0.8891361783121485,0
160100839,0,0.7706666646288916,0.8891361783121485,0
825261788,0,0.7667045529790458,0.8891361783121485,0
200101948,1,0.7311840053987687,0.8891361783121485,0
123702273,0,0.2136886658616899,0.8891361783121485,0
115578018,0,0.502103836868534,0.8891361783121485,0
115180701,0,0.2748939389960817,0.8891361783121485,0
126693662,0,0.4476331378719121,0.8891361783121485,0
160082241,0,0.9001650257010759,0.8891361783121485,1
126653251,0,0.6850527292923596,0.8891361783121485,0
201573909,0,0.17978200950701245,0.8891361783121485,0
825191514,0,0.22533840456113935,0.8891361783121485,0
30159072,0,0.02191481543198495,0.8891361783121485,0
120551994,0,0.4284796874311608,0.8891361783121485,0
200003411,0,0.11655433506698142,0.8891361783121485,0
120548222,0,0.40908794134951376,0.8891361783121485,0
115105887,0,0.15287021406216628,0.8891361783121485,0
160092207,0,0.9250799692045022,0.8891361783121485,1
123553541,0,0.40599836933744005,0.8891361783121485,0
160001517,1,0.5898754094095282,0.8891361783121485,0
115815054,0,0.08056256569311183,0.8891361783121485,0
130164978,0,0.1334181080746149,0.8891361783121485,0
108002470,0,0.7052805720708354,0.8891361783121485,0
123679629,1,0.6820991627734099,0.8891361783121485,0
123085509,0,0.49542403398215007,0.8891361783121485,0
112111618,0,0.1396696102489422,0.8891361783121485,0
200753808,0,0.905109364331816,0.8891361783121485,1
115095628,0,0.4225168421993609,0.8891361783121485,0
120024077,0,0.28946238695196513,0.8891361783121485,0
115891536,0,0.5234839495455806,0.8891361783121485,0
123659808,0,0.9605006155787652,0.8891361783121485,1
120601867,0,0.16045643334665835,0.8891361783121485,0
115651676,0,0.7976749854831681,0.8891361783121485,0
123665184,1,0.016636582313350745,0.8891361783121485,0
200820623,0,0.2786936691937145,0.8891361783121485,0
825395545,0,0.09005653896664419,0.8891361783121485,0
108077487,0,0.707222578781408,0.8891361783121485,0
120615436,0,0.18217070859329992,0.8891361783121485,0
115097935,0,0.07715430275205973,0.8891361783121485,0
160015958,0,0.8163607512841432,0.8891361783121485,0
123684537,1,0.5343456211974007,0.8891361783121485,0
115753357,0,0.49191629817674165,0.8891361783121485,0
40123879,0,0.5055229192335947,0.8891361783121485,0
126087974,0,0.791831788833649,0.8891361783121485,0
200164471,0,0.2996361604396116,0.8891361783121485,0
200594430,0,0.781416034361363,0.8891361783121485,0
40373772,0,0.4021728363627263,0.8891361783121485,0
201337727,0,0.5011835047662987,0.8891361783121485,0
115789385,0,0.805499483949425,0.8891361783121485,0
833015843,0,0.6412728380946426,0.8891361783121485,0
108553121,0,0.8684936621733236,0.8891361783121485,0
112668604,0,0.6624239020436793,0.8891361783121485,0
341247,0,0.12286047104451547,0.8891361783121485,0
123662149,0,0.010583396493678517,0.8891361783121485,0
123501509,0,0.42376710600832923,0.8891361783121485,0
126099631,0,0.5389420150755071,0.8891361783121485,0
112644833,0,0.015114533499111302,0.8891361783121485,0
115624476,0,0.431562168907477,0.8891361783121485,0
123737737,0,0.16513333021908871,0.8891361783121485,0
825287861,0,0.04037262186839752,0.8891361783121485,0
115046061,0,0.5995354270714992,0.8891361783121485,0
6504114612SMB,0,0.244004077690611,0.8891361783121485,0
30266850,0,0.6813959655873623,0.8891361783121485,0
115831707,0,0.16270094172749372,0.8891361783121485,0
115160645,0,0.43479709335087424,0.8891361783121485,0
123602692,0,0.6215689201125558,0.8891361783121485,0
115099473,0,0.8794827956433984,0.8891361783121485,0
125568983,1,0.22225482927452278,0.8891361783121485,0
123033665,0,0.16005267862711264,0.8891361783121485,0
160116964,0,0.40486702165056027,0.8891361783121485,0
115945860,0,0.1644071887738291,0.8891361783121485,0
160131959,0,0.30764700675818635,0.8891361783121485,0
825145100,0,0.3976694011715502,0.8891361783121485,0
200817043,0,0.10362172921518227,0.8891361783121485,0
825003827,0,0.22861842719592995,0.8891361783121485,0
115033046,1,0.9291070352255246,0.8891361783121485,1
160092805,0,0.5399626270592655,0.8891361783121485,0
115865915,0,0.029366757085569205,0.8891361783121485,0
30238573,0,0.7003686996240541,0.8891361783121485,0
115842731,0,0.11143439864857792,0.8891361783121485,0
120526293,0,0.737341826994468,0.8891361783121485,0
115807775,0,0.8442394418852509,0.8891361783121485,0
120002255,0,0.2017079375087866,0.8891361783121485,0
825365513,0,0.1527118533734555,0.8891361783121485,0
115855725,0,0.14129908965735424,0.8891361783121485,0
201262000,0,0.8614540058046012,0.8891361783121485,0
115596475,0,0.06090303128738889,0.8891361783121485,0
112665845,1,0.43753998923390824,0.8891361783121485,0
126620194,0,0.7779181261585217,0.8891361783121485,0
7406213490SMB,0,0.9258140159413651,0.8891361783121485,1
112672269,0,0.20244224990179427,0.8891361783121485,0
115761788,0,0.5864931508554705,0.8891361783121485,0
115804937,0,0.6988318215950577,0.8891361783121485,0
115311168,0,0.5921150585352166,0.8891361783121485,0
455877,0,0.9648558046501856,0.8891361783121485,1
123029318,0,0.4146576714481169,0.8891361783121485,0
160070004,0,0.10032609731834174,0.8891361783121485,0
200757272,0,0.039357625682285347,0.8891361783121485,0
825371477,0,0.06588351289863392,0.8891361783121485,0
10357827,0,0.5039334920513604,0.8891361783121485,0
829090263,0,0.7141574059071283,0.8891361783121485,0
200803093,0,0.09555530087421799,0.8891361783121485,0
126063966,0,0.041879231325017016,0.8891361783121485,0
115538013,0,0.8938068430069256,0.8891361783121485,1
115869059,0,0.35117652119756537,0.8891361783121485,0
115755899,0,0.009032877714664751,0.8891361783121485,0
160109400,0,0.8613091231803947,0.8891361783121485,0
123157691,0,0.5648170003264223,0.8891361783121485,0
126722847,0,0.7732818857067444,0.8891361783121485,0
160038896,0,0.49138848342362623,0.8891361783121485,0
833035582,0,0.4876023914927033,0.8891361783121485,0
108570277,0,0.8612711278257933,0.8891361783121485,0
201290971,1,0.31342784882841335,0.8891361783121485,0
115911049,0,0.5090373563885088,0.8891361783121485,0
112594533,0,0.0976508935663101,0.8891361783121485,0
201786729,0,0.4641897970143506,0.8891361783121485,0
115768238,0,0.22824498748083522,0.8891361783121485,0
115198140,0,0.4017132598372447,0.8891361783121485,0
112602962,0,0.206571453318305,0.8891361783121485,0
115006953,0,0.36010680637846426,0.8891361783121485,0
115117829,0,0.8002130763602113,0.8891361783121485,0
160058767,0,0.7228463994233321,0.8891361783121485,0
831276264,0,0.6469468120109567,0.8891361783121485,0
123007994,0,0.7081614339893418,0.8891361783121485,0
115654875,0,0.5348629874055861,0.8891361783121485,0
825022756,0,0.6166331222113669,0.8891361783121485,0
836150091,0,0.7074783268759874,0.8891361783121485,0
341717,0,0.4608733172317882,0.8891361783121485,0
112515781,0,0.1615922445187807,0.8891361783121485,0
123042899,0,0.14230423259930602,0.8891361783121485,0
4715040543,0,0.009320371891796802,0.8891361783121485,0
160110885,1,0.46658540368016377,0.8891361783121485,0
201082237,0,0.23700889487483387,0.8891361783121485,0
123674404,0,0.5610118475093617,0.8891361783121485,0
112073782,1,0.5852255496334793,0.8891361783121485,0
200328522,0,0.8973072798520056,0.8891361783121485,1
201588359,0,0.7479908414221716,0.8891361783121485,0
115862506,0,0.5944902512588454,0.8891361783121485,0
822040770,0,0.9581982442287809,0.8891361783121485,1
123746405,0,0.2652625102088856,0.8891361783121485,0
126624538,0,0.5172632587484357,0.8891361783121485,0
112594202,0,0.2760656527876494,0.8891361783121485,0
160107367,0,0.465255056902337,0.8891361783121485,0
8177780291,0,0.2430510855909339,0.8891361783121485,0
201157896,0,0.20670141998524805,0.8891361783121485,0
825303461,1,0.2713998982269462,0.8891361783121485,0
115781036,0,0.9671872062684044,0.8891361783121485,1
112035355,0,0.09040232907468986,0.8891361783121485,0
123631812,0,0.6664884240795779,0.8891361783121485,0
115041064,0,0.7644451743222536,0.8891361783121485,0
123710035,0,0.14387257598161163,0.8891361783121485,0
160107680,0,0.045162125240721746,0.8891361783121485,0
147137416,0,0.9155555547976014,0.8891361783121485,1
176228242,0,0.3760672253103226,0.8891361783121485,0
112594241,0,0.3905718345930861,0.8891361783121485,0
833023644,1,0.6685286211128411,0.8891361783121485,0
201905980,0,0.565711792477906,0.8891361783121485,0
825376783,0,0.1582147603254062,0.8891361783121485,0
201686383,0,0.26389018814314963,0.8891361783121485,0
115849050,0,0.35796916736432,0.8891361783121485,0
123508681,0,0.7502656784367734,0.8891361783121485,0
160112072,0,0.7969418845976832,0.8891361783121485,0
120562371,1,0.761921545938985,0.8891361783121485,0
115343792,0,0.12460797229558095,0.8891361783121485,0
40565573,0,0.3175151346505995,0.8891361783121485,0
123100014,0,0.6791687556951495,0.8891361783121485,0
115680927,0,0.6770803061502819,0.8891361783121485,0
200260847,0,0.12011807736709773,0.8891361783121485,0
201179273,0,0.6974300745884583,0.8891361783121485,0
201531881,0,0.7178875912531544,0.8891361783121485,0
112618728,0,0.5901330104557174,0.8891361783121485,0
126635820,0,0.8111004870316377,0.8891361783121485,0
836000469,0,0.41020589037997607,0.8891361783121485,0
200350102,0,0.4619448044463157,0.8891361783121485,0
112654336,0,0.1550674697802743,0.8891361783121485,0
123507800,0,0.2665165040033803,0.8891361783121485,0
112624478,0,0.1597512310342312,0.8891361783121485,0
123008516,0,0.0743696758115158,0.8891361783121485,0
808245,0,0.42810595595631756,0.8891361783121485,0
160079708,0,0.3744290254502022,0.8891361783121485,0
112552897,0,0.6998187639725214,0.8891361783121485,0
115793298,0,0.43207939968877995,0.8891361783121485,0
822147360,0,0.5876998388560088,0.8891361783121485,0
115564171,0,0.9034207999937404,0.8891361783121485,1
123633286,0,0.8618839741442308,0.8891361783121485,0
112059018,0,0.6043134907127168,0.8891361783121485,0
123687743,0,0.4962923688606639,0.8891361783121485,0
4715040397,0,0.27806152087731223,0.8891361783121485,0
108521928,0,0.7632199192094988,0.8891361783121485,0
123756310,1,0.22483908986124418,0.8891361783121485,0
115852273,0,0.8420154121858476,0.8891361783121485,0
115283441,0,0.2631185955880835,0.8891361783121485,0
455012,0,0.09366930828152954,0.8891361783121485,0
200967858,0,0.2118381861246813,0.8891361783121485,0
201091695,0,0.8844650864307405,0.8891361783121485,0
120596377,0,0.8810599830075196,0.8891361783121485,0
115032970,1,0.0017811657174911606,0.8891361783121485,0
108518800,0,0.5717132760676802,0.8891361783121485,0
115896540,0,0.6065173697005243,0.8891361783121485,0
115577585,0,0.7541812462637876,0.8891361783121485,0
20838303,0,0.19442068314500055,0.8891361783121485,0
123669161,0,0.32828415704714664,0.8891361783121485,0
115032492,0,0.9792519143615506,0.8891361783121485,1
230955,0,0.9595781280811746,0.8891361783121485,1
160085974,0,0.7863977517356918,0.8891361783121485,0
111036365,0,0.39001242899300875,0.8891361783121485,0
40184280,0,0.055338727677553184,0.8891361783121485,0
200094279,0,0.8369447886513253,0.8891361783121485,0
108003138,0,0.2624369189753173,0.8891361783121485,0
160000177,0,0.7154512772877613,0.8891361783121485,0
115082374,0,0.7225649836897974,0.8891361783121485,0
115284970,0,0.01102349678541523,0.8891361783121485,0
454017,0,0.558882056208739,0.8891361783121485,0
344290,0,0.03904772918447657,0.8891361783121485,0
123762085,0,0.6534002759775097,0.8891361783121485,0
120550789,0,0.558183284680809,0.8891361783121485,0
112079437,0,0.5806786174066952,0.8891361783121485,0
40208151,0,0.8148804610748007,0.8891361783121485,0
115811999,0,0.8697392704738576,0.8891361783121485,0
201358746,0,0.836915156152161,0.8891361783121485,0
201000973,0,0.718724482608364,0.8891361783121485,0
112049515,0,0.3373008839654855,0.8891361783121485,0
115310739,0,0.5705853778103375,0.8891361783121485,0
112641997,0,0.935566102457684,0.8891361783121485,1
460041,0,0.41828734833283265,0.8891361783121485,0
115811180,0,0.15031666066921742,0.8891361783121485,0
126518410,0,0.25111321099536915,0.8891361783121485,0
825267346,0,0.5665272803795431,0.8891361783121485,0
836145094,0,0.7848719252910739,0.8891361783121485,0
115277463,0,0.8268979947582795,0.8891361783121485,0
126662033,0,0.4725213617958014,0.8891361783121485,0
108052270,0,0.4925378125664258,0.8891361783121485,0
607598,0,0.19706597828873137,0.8891361783121485,0
120018786,1,0.8877572671077527,0.8891361783121485,0
200497522,0,0.9130717059387028,0.8891361783121485,1
201842102,0,0.1689661135275062,0.8891361783121485,0
112054689,0,0.42805891293093923,0.8891361783121485,0
115563660,0,0.8164751263609451,0.8891361783121485,0
123649066,0,0.24813407726703732,0.8891361783121485,0
123006209,0,0.046481237362435444,0.8891361783121485,0
825369486,0,0.6917228093370994,0.8891361783121485,0
123748071,0,0.16138599382360044,0.8891361783121485,0
833015897,0,0.8968357645661245,0.8891361783121485,1
126156146,0,0.5735784920397952,0.8891361783121485,0
123552980,0,0.5073082036031022,0.8891361783121485,0
6812287622SMB,0,0.5777695798819732,0.8891361783121485,0
115827448,0,0.6131605633221179,0.8891361783121485,0
200370188,0,0.23159998197576193,0.8891361783121485,0
160096305,0,0.4076344638726132,0.8891361783121485,0
115891017,0,0.21793516749661626,0.8891361783121485,0
108572011,0,0.7351299794195931,0.8891361783121485,0
202030345,0,0.5850687078626519,0.8891361783121485,0
108519699,0,0.6025355715443199,0.8891361783121485,0
115509424,0,0.2517996464337093,0.8891361783121485,0
115755575,0,0.11537909896369095,0.8891361783121485,0
342146,0,0.19901703434486984,0.8891361783121485,0
115949498,0,0.5865755377561201,0.8891361783121485,0
115851214,1,0.6725392340670459,0.8891361783121485,0
115773986,0,0.3418209724473605,0.8891361783121485,0
123075696,0,0.5437549735176087,0.8891361783121485,0
825173128,0,0.339919586062856,0.8891361783121485,0
112074582,1,0.20085509777568314,0.8891361783121485,0
115030776,0,0.4766189028691965,0.8891361783121485,0
115676505,0,0.6925298285828524,0.8891361783121485,0
201285159,0,0.6281135401735942,0.8891361783121485,0
112662831,0,0.672772268965508,0.8891361783121485,0
115033384,0,0.8346883772004161,0.8891361783121485,0
108501669,0,0.7477641274074147,0.8891361783121485,0
115188826,0,0.6669915584528239,0.8891361783121485,0
123737502,0,0.13405312362933774,0.8891361783121485,0
40408981,0,0.6545976382923404,0.8891361783121485,0
825377903,0,0.5000246162181354,0.8891361783121485,0
112608099,0,0.6136989850898288,0.8891361783121485,0
825124316,0,0.9309424211889068,0.8891361783121485,1
202012380,0,0.45314698812448684,0.8891361783121485,0
112626575,0,0.726977725201434,0.8891361783121485,0
115512107,0,0.6319782649950847,0.8891361783121485,0
123720595,0,0.09419030185111765,0.8891361783121485,0
112613179,0,0.1768383561203584,0.8891361783121485,0
108501982,0,0.3820563266094383,0.8891361783121485,0
600301,0,0.032939875950320094,0.8891361783121485,0
30461487,0,0.31568494313111733,0.8891361783121485,0
115782259,1,0.9320290450863032,0.8891361783121485,1
836220401,0,0.9618285253657233,0.8891361783121485,1
4715040382,0,0.08310111586652885,0.8891361783121485,0
115066498,0,0.32478966264126824,0.8891361783121485,0
123034742,0,0.6002205675516362,0.8891361783121485,0
160070050,0,0.5252904399168434,0.8891361783121485,0
126147688,0,0.2883535865993664,0.8891361783121485,0
160049889,0,0.13051062948945186,0.8891361783121485,0
201997605,0,0.44251286967208436,0.8891361783121485,0
123690508,0,0.5939524581144249,0.8891361783121485,0
345480,0,0.19658836215173464,0.8891361783121485,0
115626865,0,0.4825994186237243,0.8891361783121485,0
115870008,0,0.3972605137442824,0.8891361783121485,0
126090212,0,0.05563256849548616,0.8891361783121485,0
200205562,0,0.5228420282016235,0.8891361783121485,0
803060,0,0.1811949605037656,0.8891361783121485,0
160094763,0,0.4439961225827055,0.8891361783121485,0
200543336,1,0.4133869294774786,0.8891361783121485,0
107589050,0,0.948745726423384,0.8891361783121485,1
201376776,0,0.28410000880876507,0.8891361783121485,0
112657492,0,0.16311314512096142,0.8891361783121485,0
6303064680SMB,0,0.6344088738215152,0.8891361783121485,0
200657770,0,0.051674370711420024,0.8891361783121485,0
822150380,0,0.724863979936214,0.8891361783121485,0
115035855,0,0.5739473379248823,0.8891361783121485,0
126642109,0,0.2097879791101323,0.8891361783121485,0
20986692,0,0.8165688563747165,0.8891361783121485,0
436745,0,0.46433607618135986,0.8891361783121485,0
108062161,0,0.8855155884846209,0.8891361783121485,0
200323965,0,0.9028869734998204,0.8891361783121485,1
40174763,0,0.259908415744041,0.8891361783121485,0
123122605,0,0.3236868735097119,0.8891361783121485,0
115141164,0,0.7778997365739116,0.8891361783121485,0
115881638,0,0.5241644775420287,0.8891361783121485,0
40596166,0,0.7261117204738177,0.8891361783121485,0
126146376,0,0.4426252308443037,0.8891361783121485,0
112541042,0,0.34305193558664476,0.8891361783121485,0
825389204,0,0.25123397885628934,0.8891361783121485,0
833150435,0,0.04986667784184276,0.8891361783121485,0
822062966,0,0.5671797170289745,0.8891361783121485,0
126731472,0,0.3600485399007318,0.8891361783121485,0
797222,0,0.6227920729611841,0.8891361783121485,0
40179874,1,0.6310429326186358,0.8891361783121485,0
825328824,0,0.6143733305747723,0.8891361783121485,0
108565586,1,0.8193096244097824,0.8891361783121485,0
160061425,0,0.5311183583349697,0.8891361783121485,0
115864279,0,0.14692300257898272,0.8891361783121485,0
115214908,0,0.7873950481769001,0.8891361783121485,0
200542405,0,0.43874323427305917,0.8891361783121485,0
40088873,0,0.4087674306759439,0.8891361783121485,0
123079407,0,0.35834864168974817,0.8891361783121485,0
115303779,0,0.45074112095209307,0.8891361783121485,0
201112562,0,0.5238536908073783,0.8891361783121485,0
115297455,0,0.9464650099762881,0.8891361783121485,1
115503396,1,0.034849133264383034,0.8891361783121485,0
202265622,0,0.22124642378635667,0.8891361783121485,0
160083457,0,0.9259777718753706,0.8891361783121485,1
131283191,0,0.6593447402296486,0.8891361783121485,0
123029040,0,0.27018871151285034,0.8891361783121485,0
825089388,0,0.46425642883082735,0.8891361783121485,0
126636371,0,0.4634118331009117,0.8891361783121485,0
123567861,0,0.5073954800205989,0.8891361783121485,0
115713747,0,0.7255741594897671,0.8891361783121485,0
115615210,0,0.27952154493013837,0.8891361783121485,0
123757412,0,0.6560581638577668,0.8891361783121485,0
200651803,0,0.058771800014958846,0.8891361783121485,0
160055582,1,0.13873555712233288,0.8891361783121485,0
202096973,0,0.48255172739735275,0.8891361783121485,0
115849583,0,0.972045448745698,0.8891361783121485,1
115752903,1,0.9846333042445016,0.8891361783121485,1
160103529,0,0.8185678580518607,0.8891361783121485,0
126049781,0,0.24896958744129954,0.8891361783121485,0
200545127,0,0.7531808027212852,0.8891361783121485,0
115180249,0,0.8584270598030979,0.8891361783121485,0
112590983,0,0.36723687315642395,0.8891361783121485,0
123671671,0,0.3729461731605977,0.8891361783121485,0
123762548,0,0.11699330863015633,0.8891361783121485,0
115044772,0,0.81236254972727,0.8891361783121485,0
115646259,0,0.2870343009348886,0.8891361783121485,0
200150564,0,0.7942923433447378,0.8891361783121485,0
115790747,0,0.8705962190412504,0.8891361783121485,0
126658259,0,0.05330190332230169,0.8891361783121485,0
30264415,0,0.6551199479571204,0.8891361783121485,0
115889649,0,0.4030484520676493,0.8891361783121485,0
126626852,0,0.9731744307646086,0.8891361783121485,1
160138754,0,0.8670610380685217,0.8891361783121485,0
825401133,0,0.09595018770289501,0.8891361783121485,0
112043569,0,0.3857939329443654,0.8891361783121485,0
126146262,0,0.08477620237110552,0.8891361783121485,0
201387858,0,0.6592105823750112,0.8891361783121485,0
200072400,0,0.544317533264643,0.8891361783121485,0
200518105,0,0.5221582009291115,0.8891361783121485,0
108552553,0,0.9416938861398416,0.8891361783121485,1
115865317,0,0.3917748274899049,0.8891361783121485,0
115788753,0,0.681025922055073,0.8891361783121485,0
123754373,0,0.688338333073995,0.8891361783121485,0
115646832,0,0.8346134972226553,0.8891361783121485,0
115104326,0,0.5423563595787289,0.8891361783121485,0
115082883,0,0.004793970553652335,0.8891361783121485,0
112085625,0,0.03512701328788497,0.8891361783121485,0
200512796,0,0.18072652018776014,0.8891361783121485,0
825389948,0,0.9162979771529465,0.8891361783121485,1
115016399,0,0.15181467158719847,0.8891361783121485,0
160132694,0,0.5896975002401514,0.8891361783121485,0
836152893,0,0.16920490906396468,0.8891361783121485,0
115143119,1,0.9587158782876619,0.8891361783121485,1
112127049,0,0.3824761104432453,0.8891361783121485,0
123656049,0,0.3509978224519253,0.8891361783121485,0
200356817,0,0.8507313636213512,0.8891361783121485,0
825138807,0,0.43667030950003727,0.8891361783121485,0
160124377,0,0.16739194320867065,0.8891361783121485,0
115859595,0,0.3168813810203156,0.8891361783121485,0
833010636,0,0.1887833709894412,0.8891361783121485,0
201601116,0,0.9208001713834186,0.8891361783121485,1
126003759,0,0.32699683732455676,0.8891361783121485,0
123528851,0,0.6827685089562171,0.8891361783121485,0
160086186,0,0.7057971485872548,0.8891361783121485,0
115099021,0,0.9617044220186517,0.8891361783121485,1
123155167,0,0.16789285594577924,0.8891361783121485,0
123733030,0,0.563660664040794,0.8891361783121485,0
123540266,0,0.5652859833894819,0.8891361783121485,0
833169492,0,0.45125046590399287,0.8891361783121485,0
200934192,0,0.20017215225056645,0.8891361783121485,0
123104906,0,0.31380173571210135,0.8891361783121485,0
115512018,0,0.2051725475619252,0.8891361783121485,0
123689406,0,0.08646662474290837,0.8891361783121485,0
200405470,0,0.10520689088375315,0.8891361783121485,0
803440,0,0.7638733490086522,0.8891361783121485,0
201064132,0,0.5010271968488196,0.8891361783121485,0
123071356,0,0.23739619554578933,0.8891361783121485,0
115595544,0,0.779656397591097,0.8891361783121485,0
112583743,0,0.8493072939331672,0.8891361783121485,0
123728827,0,0.47829508786193176,0.8891361783121485,0
115782394,0,0.309595060206873,0.8891361783121485,0
126619295,0,0.23774093521478779,0.8891361783121485,0
123743380,0,0.27692306579128484,0.8891361783121485,0
120601529,1,0.25610455147478517,0.8891361783121485,0
201030525,0,0.7367439164997536,0.8891361783121485,0
131303740,0,0.13511129188429116,0.8891361783121485,0
115672535,1,0.6345254702456979,0.8891361783121485,0
115528691,0,0.5113067005003069,0.8891361783121485,0
115175985,0,0.7087315761980122,0.8891361783121485,0
115871319,0,0.44435718456949724,0.8891361783121485,0
200513204,0,0.4951047038036357,0.8891361783121485,0
115306331,0,0.7090121215611648,0.8891361783121485,0
123003056,0,0.188468285649612,0.8891361783121485,0
126743713,1,0.2588862823013406,0.8891361783121485,0
123737049,0,0.5233665041190101,0.8891361783121485,0
126158211,0,0.8756323811986639,0.8891361783121485,0
115180039,0,0.4643502765995725,0.8891361783121485,0
202367214,0,0.27536768556257335,0.8891361783121485,0
120554878,0,0.8449630629467129,0.8891361783121485,0
825350532,0,0.03956314790211561,0.8891361783121485,0
792990,0,0.3007186112832333,0.8891361783121485,0
802580,0,0.13891290656576294,0.8891361783121485,0
460618,0,0.1229280313869695,0.8891361783121485,0
200572291,0,0.0959294381099467,0.8891361783121485,0
459651,0,0.07991400693037792,0.8891361783121485,0
201636754,0,0.801125175836272,0.8891361783121485,0
201162548,0,0.6184025125469876,0.8891361783121485,0
115820546,0,0.7821053033689949,0.8891361783121485,0
201457203,0,0.5245931304794824,0.8891361783121485,0
121263112,0,0.7983434070093375,0.8891361783121485,0
825058250,0,0.5355685102956784,0.8891361783121485,0
200599018,0,0.4943532850606997,0.8891361783121485,0
123031842,0,0.6032607542019023,0.8891361783121485,0
115336933,0,0.6937370715159766,0.8891361783121485,0
115883824,0,0.9664153266314479,0.8891361783121485,1
108066003,0,0.9865783550279851,0.8891361783121485,1
126527053,0,0.6837506755869656,0.8891361783121485,0
123746145,0,0.23650226325394472,0.8891361783121485,0
115249873,0,0.9531771399814143,0.8891361783121485,1
112535951,1,0.5777778111798672,0.8891361783121485,0
160070100,0,0.42571597409735895,0.8891361783121485,0
115503407,0,0.5865942694596437,0.8891361783121485,0
112127476,0,0.6837337057034436,0.8891361783121485,0
120601290,0,0.4143422404087914,0.8891361783121485,0
123625439,0,0.6962797588218376,0.8891361783121485,0
123620805,0,0.29351274477973854,0.8891361783121485,0
833052021,0,0.49899192340569154,0.8891361783121485,0
200431287,0,0.3604875880786327,0.8891361783121485,0
200099041,1,0.14357856029263383,0.8891361783121485,0
120610268,0,0.14849259512268206,0.8891361783121485,0
112625758,0,0.02951375196488323,0.8891361783121485,0
115590718,0,0.21210948682725034,0.8891361783121485,0
200170481,0,0.33500047182956866,0.8891361783121485,0
115849409,0,0.4234232686462015,0.8891361783121485,0
200231308,0,0.04860477592592933,0.8891361783121485,0
126559962,0,0.2939202275212653,0.8891361783121485,0
123680097,0,0.4065004215661556,0.8891361783121485,0
115803301,0,0.32719445217373566,0.8891361783121485,0
120067242,0,0.775325936717652,0.8891361783121485,0
40122332,0,0.6867343618530999,0.8891361783121485,0
200642028,0,0.06071582628974499,0.8891361783121485,0
7034150071,0,0.8280221968146273,0.8891361783121485,0
200388277,0,0.40467637426904235,0.8891361783121485,0
349062,0,0.07467740830902014,0.8891361783121485,0
115801706,0,0.5068592001921821,0.8891361783121485,0
6411294448SMB,0,0.7592364404894222,0.8891361783121485,0
123746394,0,0.27778061682061295,0.8891361783121485,0
160008198,0,0.6041518661495109,0.8891361783121485,0
115075796,0,0.6329444659802897,0.8891361783121485,0
123637427,0,0.5053822011737166,0.8891361783121485,0
200247351,0,0.21537882251959667,0.8891361783121485,0
201635353,0,0.5576881306759028,0.8891361783121485,0
112589130,0,0.1933776746156991,0.8891361783121485,0
201111968,0,0.4774963663858603,0.8891361783121485,0
112670123,0,0.16948247307215702,0.8891361783121485,0
825334161,0,0.8093108904853873,0.8891361783121485,0
200874489,0,0.23932873583064884,0.8891361783121485,0
126646004,0,0.9816421696153328,0.8891361783121485,1
112593876,0,0.8276688847683455,0.8891361783121485,0
453310,1,0.5774541717699281,0.8891361783121485,0
790797,0,0.6310427483341232,0.8891361783121485,0
200746703,0,0.8205786388647123,0.8891361783121485,0
200410058,0,0.8646447135152435,0.8891361783121485,0
202048202,0,0.45866957176506906,0.8891361783121485,0
833028417,1,0.12452161995720878,0.8891361783121485,0
123757736,0,0.45010799854390965,0.8891361783121485,0
123685817,0,0.1629667618860451,0.8891361783121485,0
112657528,0,0.3957086005592654,0.8891361783121485,0
201245570,0,0.17968606420975042,0.8891361783121485,0
123661022,0,0.2496331979346874,0.8891361783121485,0
115001397,0,0.7772490600696933,0.8891361783121485,0
460010,0,0.7682832216649308,0.8891361783121485,0
825318569,0,0.4946443877722989,0.8891361783121485,0
108556765,0,0.690575153019493,0.8891361783121485,0
112115407,0,0.7603305870180708,0.8891361783121485,0
20989447,0,0.2480997181675444,0.8891361783121485,0
115540494,0,0.1129537429100097,0.8891361783121485,0
160090149,0,0.08629905225412407,0.8891361783121485,0
115887203,0,0.9803334281319971,0.8891361783121485,1
825364126,0,0.3418818504982498,0.8891361783121485,0
115633272,0,0.09398345747220518,0.8891361783121485,0
123542801,1,0.4572385452354699,0.8891361783121485,0
123508197,0,0.7071718631753311,0.8891361783121485,0
112595350,0,0.462197944028559,0.8891361783121485,0
175915632,0,0.5113384173029321,0.8891361783121485,0
200981644,0,0.6925754770289735,0.8891361783121485,0
123624515,0,0.09419030185111765,0.8891361783121485,0
131572872,0,0.7192922831158697,0.8891361783121485,0
126636476,0,0.3321128189892349,0.8891361783121485,0
115791653,0,0.8937439209052563,0.8891361783121485,1
115878802,0,0.4086572824771617,0.8891361783121485,0
200445027,0,0.8672468726269666,0.8891361783121485,0
123053842,0,0.40737056937460336,0.8891361783121485,0
825168476,0,0.9761572560738286,0.8891361783121485,1
201538751,0,0.22885068429940125,0.8891361783121485,0
200675897,0,0.4340057259299056,0.8891361783121485,0
123727440,0,0.8084777323497788,0.8891361783121485,0
201086399,0,0.3905965321828535,0.8891361783121485,0
112656091,0,0.7115429138821389,0.8891361783121485,0
160053866,0,0.44609990626225915,0.8891361783121485,0
126680572,0,0.05504681667825785,0.8891361783121485,0
201645856,0,0.9632082080702145,0.8891361783121485,1
201634931,0,0.4378382129739704,0.8891361783121485,0
115799835,0,0.7159439623653099,0.8891361783121485,0
175132127,0,0.023863210999584987,0.8891361783121485,0
115823485,0,0.2517907012138019,0.8891361783121485,0
160134134,0,0.34010139448692456,0.8891361783121485,0
201923487,0,0.0588433249866167,0.8891361783121485,0
160091767,0,0.6868465240142159,0.8891361783121485,0
115639962,0,0.6410394368217062,0.8891361783121485,0
160128055,0,0.569706281316902,0.8891361783121485,0
5704284620SMB,0,0.6245646139786818,0.8891361783121485,0
123530539,0,0.3343637703978507,0.8891361783121485,0
115779989,0,0.449055352644941,0.8891361783121485,0
200059827,0,0.4271924196270219,0.8891361783121485,0
822114904,0,0.8744661626777046,0.8891361783121485,0
126033058,0,0.05873486324234309,0.8891361783121485,0
123747756,0,0.7018610752244375,0.8891361783121485,0
120049389,0,0.4089988569686982,0.8891361783121485,0
120592396,0,0.4798112332191214,0.8891361783121485,0
478883,0,0.06454676981385736,0.8891361783121485,0
123737160,0,0.3411078463629026,0.8891361783121485,0
126581656,0,0.7969458784490628,0.8891361783121485,0
123094789,0,0.024595368170491304,0.8891361783121485,0
123125633,1,0.5183631700154255,0.8891361783121485,0
200357125,0,0.008696187715609083,0.8891361783121485,0
123633304,0,0.2412579893714844,0.8891361783121485,0
123528367,0,0.7680737822297434,0.8891361783121485,0
115549479,0,0.6723943108436503,0.8891361783121485,0
40015519,0,0.2465441760040873,0.8891361783121485,0
115589865,0,0.65963989223391,0.8891361783121485,0
200553428,0,0.5411369433570304,0.8891361783121485,0
160020275,0,0.294235230565441,0.8891361783121485,0
123515793,0,0.7083127159235676,0.8891361783121485,0
126623639,0,0.929782771247132,0.8891361783121485,1
123720008,0,0.3168947882816821,0.8891361783121485,0
115650720,0,0.7461478743254342,0.8891361783121485,0
833038016,0,0.5750218763157351,0.8891361783121485,0
120605666,0,0.5501918639480579,0.8891361783121485,0
825377216,0,0.9557006586371448,0.8891361783121485,1
115598558,0,0.9800245467871694,0.8891361783121485,1
115766792,0,0.6840648840305117,0.8891361783121485,0
130266901,0,0.912713495077609,0.8891361783121485,1
201461721,0,0.675648795375732,0.8891361783121485,0
123750364,0,0.3666325470658135,0.8891361783121485,0
120059085,0,0.7837233260674077,0.8891361783121485,0
200943323,0,0.6214515558843633,0.8891361783121485,0
123126272,0,0.11233692433919207,0.8891361783121485,0
123720410,0,0.48207795697955946,0.8891361783121485,0
20828052,1,0.635450272416828,0.8891361783121485,0
115530518,0,0.2330126968273029,0.8891361783121485,0
115877426,0,0.9968485633709673,0.8891361783121485,1
126144489,0,0.6736653557777962,0.8891361783121485,0
115241474,0,0.1752691709545819,0.8891361783121485,0
200037901,0,0.1251276208943092,0.8891361783121485,0
160107495,0,0.4086606544621575,0.8891361783121485,0
123101511,1,0.256954469279053,0.8891361783121485,0
40388272,0,0.9498185260370179,0.8891361783121485,1
108692092,0,0.6274737365711215,0.8891361783121485,0
201817224,0,0.11907040287637026,0.8891361783121485,0
160138010,0,0.9723595750668446,0.8891361783121485,1
108570163,0,0.4991581271878168,0.8891361783121485,0
112611210,0,0.6270051675273886,0.8891361783121485,0
175286584,0,0.6108240521544626,0.8891361783121485,0
123517367,0,0.4483798344613724,0.8891361783121485,0
123729833,0,0.8749631618955416,0.8891361783121485,0
115791137,0,0.7002690552382305,0.8891361783121485,0
160113377,0,0.04607548306063841,0.8891361783121485,0
202415495,0,0.3335486799409066,0.8891361783121485,0
202403322,0,0.667388866159747,0.8891361783121485,0
830153419,1,0.2717955910910172,0.8891361783121485,0
126082589,0,0.38532372191465253,0.8891361783121485,0
160098103,0,0.6065326418102758,0.8891361783121485,0
115620195,0,0.3859151085874678,0.8891361783121485,0
200146575,0,0.6018545767438245,0.8891361783121485,0
200859754,0,0.7149108454848072,0.8891361783121485,0
112085479,0,0.0945155252069442,0.8891361783121485,0
115895221,0,0.12458208352676095,0.8891361783121485,0
115769807,0,0.8288922023237837,0.8891361783121485,0
126514839,0,0.9232106424345525,0.8891361783121485,1
201357480,1,0.5002607261442243,0.8891361783121485,0
160045143,0,0.6511676890316731,0.8891361783121485,0
115508703,0,0.649216961522884,0.8891361783121485,0
831543023,0,0.25089109190789516,0.8891361783121485,0
115748075,0,0.6806680893497261,0.8891361783121485,0
126618193,0,0.5896719593076272,0.8891361783121485,0
160068850,0,0.6255284416149902,0.8891361783121485,0
822125362,0,0.6678774607679312,0.8891361783121485,0
825025065,0,0.928504988060377,0.8891361783121485,1
201429652,0,0.7052758610056162,0.8891361783121485,0
112602086,1,0.2842482518099488,0.8891361783121485,0
200270300,0,0.10271356503064695,0.8891361783121485,0
115199541,0,0.5855157565063573,0.8891361783121485,0
115537085,1,0.7925428486330626,0.8891361783121485,0
112593901,0,0.14081163223072363,0.8891361783121485,0
102026201,0,0.5507602222757161,0.8891361783121485,0
129009920,0,0.7069202373133509,0.8891361783121485,0
200848989,0,0.8426632055701279,0.8891361783121485,0
10777606,0,0.7458270357975308,0.8891361783121485,0
160080639,1,0.5766058146955106,0.8891361783121485,0
126501399,0,0.6374634129492611,0.8891361783121485,0
123679159,0,0.2714981662251834,0.8891361783121485,0
201835382,0,0.07959418043688345,0.8891361783121485,0
200431748,0,0.27326160234033015,0.8891361783121485,0
115099555,0,0.38503187374881054,0.8891361783121485,0
160043726,0,0.6142014649671861,0.8891361783121485,0
123532508,0,0.33073026315578685,0.8891361783121485,0
115092703,0,0.7676810077139252,0.8891361783121485,0
115783432,0,0.8160921286265186,0.8891361783121485,0
115867229,0,0.6663321132745319,0.8891361783121485,0
115751464,1,0.8394475786778426,0.8891361783121485,0
201032775,0,0.0750612980705796,0.8891361783121485,0
40445531,0,0.2747361712403357,0.8891361783121485,0
201781034,0,0.3164876335677429,0.8891361783121485,0
112650971,0,0.5948533376032115,0.8891361783121485,0
115688500,0,0.8430271506768576,0.8891361783121485,0
115881385,0,0.8547313837100379,0.8891361783121485,0
115864959,0,0.3331128375974083,0.8891361783121485,0
160064542,0,0.47772284824024724,0.8891361783121485,0
120609554,0,0.4580338782096637,0.8891361783121485,0
120546730,0,0.05581952342984596,0.8891361783121485,0
112061873,0,0.21683292215163802,0.8891361783121485,0
115036964,0,0.9736582025009874,0.8891361783121485,1
459306,0,0.050910545191259184,0.8891361783121485,0
126523966,0,0.4912454281671876,0.8891361783121485,0
112546809,0,0.49124431778225386,0.8891361783121485,0
160120382,0,0.921844168384584,0.8891361783121485,1
115150996,0,0.6301671500123522,0.8891361783121485,0
126094075,0,0.6791387265020594,0.8891361783121485,0
115277513,0,0.4201508459717017,0.8891361783121485,0
123621241,0,0.6920756762360847,0.8891361783121485,0
115703137,0,0.742391743960787,0.8891361783121485,0
200009414,0,0.27507851838699404,0.8891361783121485,0
453356,0,0.45723339485583914,0.8891361783121485,0
160116551,0,0.12465651974325734,0.8891361783121485,0
115329532,0,0.3689973228344929,0.8891361783121485,0
115828336,0,0.9160898188156417,0.8891361783121485,1
115883849,0,0.05132391845353653,0.8891361783121485,0
200396362,0,0.9144547127523321,0.8891361783121485,1
123685087,0,0.28044254071072483,0.8891361783121485,0
833089740,1,0.47799302793163667,0.8891361783121485,0
176285841,0,0.16016610074912224,0.8891361783121485,0
115778855,0,0.5324585701959808,0.8891361783121485,0
115639663,0,0.5505873461352557,0.8891361783121485,0
7501048524SMB,0,0.15712818782669866,0.8891361783121485,0
833089808,0,0.4142618141659928,0.8891361783121485,0
825345670,0,0.2935519902197549,0.8891361783121485,0
123749141,0,0.3880224521748639,0.8891361783121485,0
123021710,0,0.6688661158767613,0.8891361783121485,0
126169962,0,0.7144661539041217,0.8891361783121485,0
126052610,0,0.43442245639283666,0.8891361783121485,0
115895214,0,0.0536149066687234,0.8891361783121485,0
836058401,0,0.4445154692574501,0.8891361783121485,0
115118265,0,0.6227639471943713,0.8891361783121485,0
176024439,0,0.7725661515142097,0.8891361783121485,0
115860900,0,0.9665574016167122,0.8891361783121485,1
115599180,0,0.5312878672260439,0.8891361783121485,0
201391422,0,0.5586337012669168,0.8891361783121485,0
40311265,0,0.5529074582335924,0.8891361783121485,0
160094820,0,0.6625653933939439,0.8891361783121485,0
200063668,0,0.23560789262946125,0.8891361783121485,0
115811643,0,0.2203800857757814,0.8891361783121485,0
123019772,0,0.08968886173758861,0.8891361783121485,0
115896750,0,0.5688134037377035,0.8891361783121485,0
115156539,0,0.8547718855881163,0.8891361783121485,0
201825203,1,0.8662864725324391,0.8891361783121485,0
115740032,0,0.35634068451295875,0.8891361783121485,0
115805633,0,0.9567256197007494,0.8891361783121485,1
115679864,0,0.944485902479306,0.8891361783121485,1
201951958,0,0.10686260089114188,0.8891361783121485,0
115577037,0,0.7905431013861729,0.8891361783121485,0
123750492,0,0.14480379259361098,0.8891361783121485,0
115901158,0,0.3267829867845884,0.8891361783121485,0
200140778,0,0.4810312149996514,0.8891361783121485,0
115612285,1,0.671953532031469,0.8891361783121485,0
126076077,0,0.7635318620681409,0.8891361783121485,0
123736329,0,0.37056105939274037,0.8891361783121485,0
175223096,0,0.1329687814294681,0.8891361783121485,0
20811471,0,0.8801918611736836,0.8891361783121485,0
200379610,0,0.6624831157010704,0.8891361783121485,0
120039944,0,0.4723704078314118,0.8891361783121485,0
200711015,0,0.23183841136875133,0.8891361783121485,0
160126531,0,0.3831952173715431,0.8891361783121485,0
825195142,0,0.5149592897654973,0.8891361783121485,0
112058553,0,0.5404750994770052,0.8891361783121485,0
201669779,0,0.30179168163512954,0.8891361783121485,0
115793227,0,0.3974058058832112,0.8891361783121485,0
898171,0,0.029422928056081446,0.8891361783121485,0
200602457,0,0.23133512037388249,0.8891361783121485,0
201185874,0,0.8617840996193339,0.8891361783121485,0
112614060,0,0.7180228172764989,0.8891361783121485,0
833083328,0,0.8899829717691488,0.8891361783121485,1
453157,0,0.8363184519673491,0.8891361783121485,0
201096564,0,0.014412686597046444,0.8891361783121485,0
123608984,0,0.7972892814056426,0.8891361783121485,0
201489820,0,0.7962752165753231,0.8891361783121485,0
108551896,0,0.9062493721780096,0.8891361783121485,1
102756855,0,0.24313663085438808,0.8891361783121485,0
123112155,0,0.15695732587957759,0.8891361783121485,0
201108301,0,0.11709491367383108,0.8891361783121485,0
115047494,0,0.26914447726919755,0.8891361783121485,0
7309184366SMB,0,0.4936162581816546,0.8891361783121485,0
115313190,0,0.5011888734459791,0.8891361783121485,0
200965654,0,0.3648142821789503,0.8891361783121485,0
160023944,0,0.6782440432695951,0.8891361783121485,0
160129666,0,0.34772291727850413,0.8891361783121485,0
160122675,0,0.9560987250233666,0.8891361783121485,1
108684761,0,0.8524777847491829,0.8891361783121485,0
115563379,0,0.9634379255009418,0.8891361783121485,1
126629542,0,0.9432957213120788,0.8891361783121485,1
200577303,0,0.3010797691372425,0.8891361783121485,0
123650435,0,0.4041226005214826,0.8891361783121485,0
115918175,0,0.9775594602977535,0.8891361783121485,1
898189,0,0.058079850767831634,0.8891361783121485,0
112008632,0,0.518189948521977,0.8891361783121485,0
112593431,0,0.5687286657224214,0.8891361783121485,0
833156356,0,0.17686378386026455,0.8891361783121485,0
115807050,0,0.6163769027503845,0.8891361783121485,0
115829342,0,0.7699543823492013,0.8891361783121485,0
160125956,0,0.5638258226392439,0.8891361783121485,0
160123909,0,0.7186248323319039,0.8891361783121485,0
123657814,0,0.015110622867406462,0.8891361783121485,0
115883646,0,0.4356512882190726,0.8891361783121485,0
115944615,0,0.7152524840803264,0.8891361783121485,0
201810735,0,0.6296172778295376,0.8891361783121485,0
201753106,0,0.9812480010400194,0.8891361783121485,1
115761658,0,0.7119561961860623,0.8891361783121485,0
825340456,0,0.8793658456077864,0.8891361783121485,0
825198423,0,0.4479691485420046,0.8891361783121485,0
201642376,0,0.5575306803792499,0.8891361783121485,0
200169435,0,0.4862997245836254,0.8891361783121485,0
115241990,0,0.18955798353511127,0.8891361783121485,0
115887114,0,0.4763522073158969,0.8891361783121485,0
115876153,0,0.5768359612764145,0.8891361783121485,0
200823605,0,0.3509124750445477,0.8891361783121485,0
115940143,0,0.22639779529636933,0.8891361783121485,0
825218071,0,0.9003352578121286,0.8891361783121485,1
120065533,1,0.6185518195587825,0.8891361783121485,0
115304405,0,0.53245522090726,0.8891361783121485,0
833130596,0,0.29954354150379,0.8891361783121485,0
115004176,0,0.6403367999391187,0.8891361783121485,0
112054448,0,0.42058597421993266,0.8891361783121485,0
108507540,0,0.7155281139962821,0.8891361783121485,0
200667330,0,0.5725816921445721,0.8891361783121485,0
201525273,0,0.7501748699475782,0.8891361783121485,0
115532832,0,0.9871103393697952,0.8891361783121485,1
123161679,0,0.40316508187210415,0.8891361783121485,0
160134001,0,0.38278138614117274,0.8891361783121485,0
115753720,1,0.0348148054083628,0.8891361783121485,0
112589963,0,0.5974631875758281,0.8891361783121485,0
6010185005SMB,0,0.4036963948546353,0.8891361783121485,0
833077688,0,0.20205558501529483,0.8891361783121485,0
115636368,0,0.41800700099901056,0.8891361783121485,0
822113364,0,0.04260899712860983,0.8891361783121485,0
200130348,1,0.3523061013470611,0.8891361783121485,0
833037576,0,0.6747457724461163,0.8891361783121485,0
115827430,0,0.334952638708165,0.8891361783121485,0
160130636,0,0.1779765364832813,0.8891361783121485,0
112039503,0,0.22512182706084502,0.8891361783121485,0
115854630,0,0.8678275878346957,0.8891361783121485,0
160065911,0,0.2299035047229067,0.8891361783121485,0
200264258,0,0.23707256583807462,0.8891361783121485,0
160081353,0,0.34983131846611304,0.8891361783121485,0
825332922,0,0.49857436392233473,0.8891361783121485,0
112042168,0,0.822736588272896,0.8891361783121485,0
40766619,0,0.9142756464771911,0.8891361783121485,1
201676916,0,0.010337566151501503,0.8891361783121485,0
126010458,0,0.12705348321895424,0.8891361783121485,0
112506953,0,0.75107592950503,0.8891361783121485,0
126570275,0,0.304970011963977,0.8891361783121485,0
115537313,0,0.7596285597585841,0.8891361783121485,0
825082041,0,0.4064938305217014,0.8891361783121485,0
126654830,0,0.7616532770660437,0.8891361783121485,0
453260,1,0.8069500937837457,0.8891361783121485,0
7005284670SMB,0,0.06956392866321501,0.8891361783121485,0
115766358,0,0.4073212471350056,0.8891361783121485,0
836028461,0,0.39883777323982206,0.8891361783121485,0
201285369,0,0.543576484467069,0.8891361783121485,0
200255394,0,0.32989734053012587,0.8891361783121485,0
112605086,0,0.4340636633405265,0.8891361783121485,0
126731383,0,0.08001937158601434,0.8891361783121485,0
115940606,0,0.8287575817076924,0.8891361783121485,0
825081078,1,0.025369495489437836,0.8891361783121485,0
126092313,0,0.3713118858957276,0.8891361783121485,0
160102740,0,0.8494043530226919,0.8891361783121485,0
126610862,0,0.7355232573538055,0.8891361783121485,0
115796472,0,0.8029277992358398,0.8891361783121485,0
201136044,0,0.13607579365194256,0.8891361783121485,0
40001658,0,0.1943737349473156,0.8891361783121485,0
200753822,0,0.6962966977506434,0.8891361783121485,0
130753834,0,0.21778519871226432,0.8891361783121485,0
112531045,0,0.9662542773292981,0.8891361783121485,1
200434123,0,0.5272826229515193,0.8891361783121485,0
175202376,0,0.6345820067821659,0.8891361783121485,0
115521049,0,0.8524033950225118,0.8891361783121485,0
201848643,0,0.32183951326885885,0.8891361783121485,0
200780118,0,0.28272248109536996,0.8891361783121485,0
123692523,0,0.44539172115108844,0.8891361783121485,0
825355974,0,0.9056863833963014,0.8891361783121485,1
200978559,0,0.09875790183720715,0.8891361783121485,0
160101784,0,0.906794209137357,0.8891361783121485,1
112654902,0,0.35272824108886147,0.8891361783121485,0
836000152,0,0.216340827408244,0.8891361783121485,0
201242841,0,0.2465826344666505,0.8891361783121485,0
115341827,0,0.27989460787551823,0.8891361783121485,0
112018822,0,0.8383064100875505,0.8891361783121485,0
115897927,0,0.18595867605660482,0.8891361783121485,0
7405283050SMB,0,0.14002606367913578,0.8891361783121485,0
115602490,1,0.8419863863644659,0.8891361783121485,0
115852711,0,0.4668868015491451,0.8891361783121485,0
108014451,0,0.20258851503522893,0.8891361783121485,0
123674806,0,0.6769976826424094,0.8891361783121485,0
123624497,0,0.6944720620829208,0.8891361783121485,0
202042085,0,0.05166423564074084,0.8891361783121485,0
115816010,0,0.19726958668704397,0.8891361783121485,0
454768,0,0.8587447246640927,0.8891361783121485,0
115943342,0,0.7792822174461257,0.8891361783121485,0
201943760,0,0.06840982816280147,0.8891361783121485,0
200559461,0,0.9736512656992858,0.8891361783121485,1
200246331,0,0.9669587481633058,0.8891361783121485,1
112644961,0,0.40935045241427415,0.8891361783121485,0
115946388,0,0.9816361298073791,0.8891361783121485,1
200380526,0,0.8723911519264329,0.8891361783121485,0
200072806,0,0.7136549171938167,0.8891361783121485,0
201897099,0,0.008204458307165444,0.8891361783121485,0
160128991,0,0.3480245593778845,0.8891361783121485,0
108011195,0,0.4569105503930375,0.8891361783121485,0
115122370,0,0.9268433490120965,0.8891361783121485,1
108574261,0,0.39516483269264646,0.8891361783121485,0
201806434,1,0.6060019355055273,0.8891361783121485,0
200775103,0,0.8238267695948274,0.8891361783121485,0
123717761,0,0.2247719310638281,0.8891361783121485,0
112006528,0,0.12753835263497287,0.8891361783121485,0
201422896,0,0.43501216983619934,0.8891361783121485,0
126532359,0,0.4960730175637103,0.8891361783121485,0
115541621,0,0.26963168405503063,0.8891361783121485,0
126513114,0,0.5074677371636922,0.8891361783121485,0
201981152,0,0.28923590613710226,0.8891361783121485,0
200831580,1,0.41489356867603605,0.8891361783121485,0
120017862,0,0.8528764384087385,0.8891361783121485,0
123755429,0,0.8391736633990472,0.8891361783121485,0
825109346,0,0.8349950600673921,0.8891361783121485,0
126736868,0,0.916158745554701,0.8891361783121485,1
115948873,0,0.8253912580754672,0.8891361783121485,0
200872449,0,0.10224331016767016,0.8891361783121485,0
160015641,0,0.556682760366942,0.8891361783121485,0
115088929,0,0.2910904708570986,0.8891361783121485,0
201382058,0,0.13185565105496375,0.8891361783121485,0
115789200,0,0.06777064452091872,0.8891361783121485,0
200931901,0,0.4455369386752913,0.8891361783121485,0
115764026,0,0.5912988467783363,0.8891361783121485,0
1.31E+12,0,0.543388074083544,0.8891361783121485,0
126524961,0,0.4255883634539118,0.8891361783121485,0
115636400,0,0.6586224112388228,0.8891361783121485,0
130171976,0,0.21103393703725343,0.8891361783121485,0
123606588,0,0.24658098156566804,0.8891361783121485,0
115770837,0,0.7859070170940077,0.8891361783121485,0
160132986,0,0.4116124827814017,0.8891361783121485,0
123629619,0,0.4337294924547392,0.8891361783121485,0
120526158,0,0.27352574280127917,0.8891361783121485,0
200111433,0,0.6219743540099416,0.8891361783121485,0
126012911,0,0.4713571195255537,0.8891361783121485,0
115537306,0,0.3042716691242128,0.8891361783121485,0
126011866,0,0.09580216531181412,0.8891361783121485,0
201933378,0,0.859616278775319,0.8891361783121485,0
123672937,0,0.7059475771299912,0.8891361783121485,0
126603768,0,0.64542185114336,0.8891361783121485,0
471778,0,0.09551891210402781,0.8891361783121485,0
123716579,0,0.5631251819893301,0.8891361783121485,0
836154093,0,0.8689992130934656,0.8891361783121485,0
201796132,0,0.39498062071573264,0.8891361783121485,0
123116709,0,0.18703398190495923,0.8891361783121485,0
40571455,0,0.34322215614743024,0.8891361783121485,0
200510966,1,0.9137837700915977,0.8891361783121485,1
123681039,0,0.4763953122199346,0.8891361783121485,0
115797605,0,0.5962379414722816,0.8891361783121485,0
200526397,0,0.6641866271821308,0.8891361783121485,0
115325328,0,0.8934241925890327,0.8891361783121485,1
