threshold,val_best_f1,test_oracle_threshold,test_oracle_f1,test_roc_auc,test_average_precision,test_tuned_f1,test_tuned_precision,test_tuned_recall,test_tuned_tn,test_tuned_fp,test_tuned_fn,test_tuned_tp,test_tuned_pred_pos_rate,test_default_f1,test_default_precision,test_default_recall,test_default_tn,test_default_fp,test_default_fn,test_default_tp,test_default_pred_pos_rate,branch,feature_set,source_group,source_weight,model,family,score_type,status,error,train_seconds,source_rows,test_precision,test_recall,tn,fp,fn,tp,blend_members,selection_rank
0.6297688110119951,0.21374045801526714,0.5038921009428863,0.17335473515248795,0.6012822724397677,0.0976807112107183,0.12048192771084337,0.1079136690647482,0.13636363636363635,1457,124,95,15,0.08219988172678888,0.16822429906542055,0.10150375939849623,0.4909090909090909,1103.0,478.0,56.0,54.0,0.3146067415730337,validation_blend,blend,baza_primary_auxiliary,0.3,best_baza_plus_best_aux_weight_0.30,score_blend,normalized_validation_blend,ok,,0.0,,,,,,,,baza_feature::engineered::LogReg_L2_C03_balanced;aux::all_kdd::w0.5::LGBM_regularized,1.0
0.6524231104760989,0.20909090909090908,0.48343899911175625,0.17507418397626112,0.6042033235581621,0.10425453812954483,0.1073170731707317,0.11578947368421053,0.1,1497,84,99,11,0.056179775280898875,0.1658206429780034,0.10187110187110188,0.44545454545454544,1149.0,432.0,61.0,49.0,0.28444707273802483,validation_blend,blend,baza_primary_auxiliary,0.35,best_baza_plus_best_aux_weight_0.35,score_blend,normalized_validation_blend,ok,,0.0,,,,,,,,baza_feature::engineered::LogReg_L2_C03_balanced;aux::all_kdd::w0.5::LGBM_regularized,2.0
0.6534621854925533,0.2047244094488189,0.5302354365075234,0.16915422885572137,0.594876660341556,0.0908346722405702,0.09090909090909091,0.08333333333333333,0.1,1460,121,99,11,0.07806031933767002,0.16580310880829016,0.09667673716012085,0.5818181818181818,983.0,598.0,46.0,64.0,0.3914843287995269,validation_blend,blend,baza_primary_auxiliary,0.2,best_baza_plus_best_aux_weight_0.20,score_blend,normalized_validation_blend,ok,,0.0,,,,,,,,baza_feature::engineered::LogReg_L2_C03_balanced;aux::all_kdd::w0.5::LGBM_regularized,3.0
0.5432746700273097,0.20192307692307696,0.510851817347515,0.17223198594024605,0.5979184635731125,0.09595863614907454,0.16666666666666666,0.11409395973154363,0.3090909090909091,1317,264,76,34,0.17622708456534594,0.1664050235478807,0.10056925996204934,0.4818181818181818,1107.0,474.0,57.0,53.0,0.3116499112950917,validation_blend,blend,baza_primary_auxiliary,0.35,baza_primary_aux_weight_0.35,score_blend,normalized_validation_blend,ok,,0.0,,,,,,,,baza_feature::engineered::LogReg_L2_C03_balanced;baza_feature::core::XGBoost_d2;baza_feature::engineered::Ridge_balanced_calibrated;baza_feature::engineered::LogReg_L1_balanced;aux::all_kdd::w0.5::LGBM_regularized;aux::hf_all_orange::w0.25::LGBM_balanced;aux::ibm_cell_kdd::w0.5::LGBM_regularized;aux::cell_orange::w0.05::LR_balanced,4.0
0.5547307645826473,0.20151133501259447,0.49760246987002793,0.1673640167364017,0.5959691794606407,0.09475648033471155,0.15736040609137056,0.10915492957746478,0.2818181818181818,1328,253,79,31,0.16794795978710822,0.16091954022988506,0.09556313993174062,0.509090909090909,1051.0,530.0,54.0,56.0,0.3465405085748078,validation_blend,blend,baza_primary_auxiliary,0.3,baza_primary_aux_weight_0.30,score_blend,normalized_validation_blend,ok,,0.0,,,,,,,,baza_feature::engineered::LogReg_L2_C03_balanced;baza_feature::core::XGBoost_d2;baza_feature::engineered::Ridge_balanced_calibrated;baza_feature::engineered::LogReg_L1_balanced;aux::all_kdd::w0.5::LGBM_regularized;aux::hf_all_orange::w0.25::LGBM_balanced;aux::ibm_cell_kdd::w0.5::LGBM_regularized;aux::cell_orange::w0.05::LR_balanced,5.0
0.601602800955249,0.20057306590257878,0.5127024991038716,0.15739484396200815,0.5735092864125122,0.08255775096659226,0.11046511627906977,0.0811965811965812,0.17272727272727273,1366,215,91,19,0.13837965700768776,0.15180722891566265,0.0875,0.5727272727272728,924.0,657.0,47.0,63.0,0.42578356002365464,baza_feature,engineered,baza_only,0.0,LogReg_L2_C03_balanced,linear,proba,ok,,0.221,,,,,,,,,6.0
0.6468357318663575,0.20057306590257878,0.5512512503448804,0.15739484396200815,0.5735092864125122,0.08255775096659226,0.11046511627906977,0.0811965811965812,0.17272727272727273,1366,215,91,19,0.13837965700768776,0.14414414414414414,0.08,0.7272727272727273,661.0,920.0,30.0,80.0,0.5913660555884093,validation_blend,blend,baza_primary_auxiliary,0.0,baza_only_top1_by_val,score_blend,normalized_validation_blend,ok,,0.0,,,,,,,,baza_feature::engineered::LogReg_L2_C03_balanced,7.0
0.6283729845637853,0.19897959183673472,0.5709643083869185,0.16666666666666669,0.5819504341325974,0.09465241870452896,0.15748031496062992,0.11070110701107011,0.2727272727272727,1340,241,80,30,0.1602602010644589,0.13275109170305677,0.07342995169082125,0.6909090909090909,622.0,959.0,34.0,76.0,0.6120638675340035,validation_blend,blend,baza_primary_auxiliary,0.0,baza_only_top2_by_val,score_blend,normalized_validation_blend,ok,,0.0,,,,,,,,baza_feature::engineered::LogReg_L2_C03_balanced;baza_feature::core::XGBoost_d2,8.0
0.5870755314826965,0.19858156028368795,0.5299906134605408,0.162046908315565,0.5674113046978322,0.09761395453769833,0.11428571428571428,0.09411764705882353,0.14545454545454545,1427,154,94,16,0.10053222945002957,0.1437308868501529,0.08639705882352941,0.42727272727272725,1084.0,497.0,63.0,47.0,0.3217031342400946,baza_feature,core,baza_only,0.0,XGBoost_d2,boosting,proba,ok,,0.943,,,,,,,,,9.0
0.5772024059845283,0.19843342036553527,0.5254216722532515,0.16534181240063595,0.5925363693864643,0.09177437012500614,0.15258855585831063,0.10894941634241245,0.2545454545454545,1352,229,82,28,0.15198107628622118,0.1569115815691158,0.09090909090909091,0.5727272727272728,951.0,630.0,47.0,63.0,0.4098166765227676,validation_blend,blend,baza_primary_auxiliary,0.2,baza_primary_aux_weight_0.20,score_blend,normalized_validation_blend,ok,,0.0,,,,,,,,baza_feature::engineered::LogReg_L2_C03_balanced;baza_feature::core::XGBoost_d2;baza_feature::engineered::Ridge_balanced_calibrated;baza_feature::engineered::LogReg_L1_balanced;aux::all_kdd::w0.5::LGBM_regularized;aux::hf_all_orange::w0.25::LGBM_balanced;aux::ibm_cell_kdd::w0.5::LGBM_regularized;aux::cell_orange::w0.05::LR_balanced,10.0
0.6127632864462537,0.1981981981981982,0.5388460804309975,0.16124469589816123,0.5843252256914496,0.0868866330794866,0.14153846153846153,0.10697674418604651,0.20909090909090908,1389,192,87,23,0.12714370195150798,0.1442687747035573,0.08093126385809313,0.6636363636363637,752.0,829.0,37.0,73.0,0.5334121821407452,validation_blend,blend,baza_primary_auxiliary,0.05,baza_primary_aux_weight_0.05,score_blend,normalized_validation_blend,ok,,0.0,,,,,,,,baza_feature::engineered::LogReg_L2_C03_balanced;baza_feature::core::XGBoost_d2;baza_feature::engineered::Ridge_balanced_calibrated;baza_feature::engineered::LogReg_L1_balanced;aux::all_kdd::w0.5::LGBM_regularized;aux::hf_all_orange::w0.25::LGBM_balanced;aux::ibm_cell_kdd::w0.5::LGBM_regularized;aux::cell_orange::w0.05::LR_balanced,11.0
0.07398798061712576,0.198019801980198,0.0671380028428174,0.15028901734104047,0.5730205278592375,0.08222168954471962,0.1103448275862069,0.08888888888888889,0.14545454545454545,1417,164,94,16,0.10644589000591366,0.0,0.0,0.0,1581.0,0.0,110.0,0.0,0.0,baza_feature,engineered,baza_only,0.0,Ridge_balanced_calibrated,linear,proba,ok,,0.211,,,,,,,,,12.0
0.6382514388923426,0.1971014492753623,0.5245271795077759,0.15895610913404506,0.5799781496176183,0.08460615649479224,0.11176470588235295,0.08260869565217391,0.17272727272727273,1370,211,91,19,0.1360141927853341,0.14619883040935672,0.08187772925764192,0.6818181818181818,740.0,841.0,35.0,75.0,0.5416913069189828,validation_blend,blend,baza_primary_auxiliary,0.05,best_baza_plus_best_aux_weight_0.05,score_blend,normalized_validation_blend,ok,,0.0,,,,,,,,baza_feature::engineered::LogReg_L2_C03_balanced;aux::all_kdd::w0.5::LGBM_regularized,13.0
0.5934560080577796,0.19680851063829788,0.5162282153972108,0.14427157001414426,0.5574032545569547,0.0787189431807995,0.11173184357541899,0.08064516129032258,0.18181818181818182,1353,228,90,20,0.14665878178592548,0.13414634146341464,0.07746478873239436,0.5,926.0,655.0,55.0,55.0,0.41986989946777054,baza_feature,engineered,baza_only,0.0,LogReg_L1_balanced,linear,proba,ok,,28.945,,,,,,,,,14.0
0.6928532244405416,0.19587628865979384,0.5522177850163243,0.16133942161339418,0.581547927088724,0.08606053959122789,0.0670391061452514,0.08695652173913043,0.05454545454545454,1518,63,104,6,0.04080425783560024,0.143646408839779,0.07991803278688525,0.7090909090909091,683.0,898.0,32.0,78.0,0.5771732702542874,validation_blend,blend,baza_primary_auxiliary,0.0,baza_only_top4_by_val,score_blend,normalized_validation_blend,ok,,0.0,,,,,,,,baza_feature::engineered::LogReg_L2_C03_balanced;baza_feature::core::XGBoost_d2;baza_feature::engineered::Ridge_balanced_calibrated;baza_feature::engineered::LogReg_L1_balanced,15.0
0.5969953919990484,0.1949860724233983,0.5261623576999983,0.16598639455782313,0.5873037778161118,0.08822246774839887,0.15472779369627507,0.11297071129707113,0.24545454545454545,1369,212,83,27,0.1413364872856298,0.14799154334038056,0.08373205741626795,0.6363636363636364,815.0,766.0,40.0,70.0,0.4943820224719101,validation_blend,blend,baza_primary_auxiliary,0.1,baza_primary_aux_weight_0.10,score_blend,normalized_validation_blend,ok,,0.0,,,,,,,,baza_feature::engineered::LogReg_L2_C03_balanced;baza_feature::core::XGBoost_d2;baza_feature::engineered::Ridge_balanced_calibrated;baza_feature::engineered::LogReg_L1_balanced;aux::all_kdd::w0.5::LGBM_regularized;aux::hf_all_orange::w0.25::LGBM_balanced;aux::ibm_cell_kdd::w0.5::LGBM_regularized;aux::cell_orange::w0.05::LR_balanced,16.0
0.6055896720257388,0.1940700808625337,0.5456173777352821,0.16292134831460675,0.5822494393651889,0.08967553247760457,0.14245014245014245,0.1037344398340249,0.22727272727272727,1365,216,85,25,0.14251921939680662,0.13693693693693693,0.076,0.6909090909090909,657.0,924.0,34.0,76.0,0.5913660555884093,validation_blend,blend,baza_primary_auxiliary,0.0,baza_only_top3_by_val,score_blend,normalized_validation_blend,ok,,0.0,,,,,,,,baza_feature::engineered::LogReg_L2_C03_balanced;baza_feature::core::XGBoost_d2;baza_feature::engineered::Ridge_balanced_calibrated,17.0
0.6409107156192931,0.19375,0.52554600881803,0.16310160427807488,0.5854637456155483,0.08612765453079875,0.10967741935483871,0.085,0.15454545454545454,1398,183,93,17,0.11827321111768184,0.1518987341772152,0.08591885441527446,0.6545454545454545,815.0,766.0,38.0,72.0,0.4955647545830869,validation_blend,blend,baza_primary_auxiliary,0.1,best_baza_plus_best_aux_weight_0.10,score_blend,normalized_validation_blend,ok,,0.0,,,,,,,,baza_feature::engineered::LogReg_L2_C03_balanced;aux::all_kdd::w0.5::LGBM_regularized,18.0
0.2726334146586872,0.18857142857142858,,,0.613578862630096,0.11336070113322794,0.19540229885057472,0.14285714285714285,0.3090909090909091,1377,204,76,34,,0.0,,,,,,,,auxiliary_transfer,common_schema,all_kdd,0.5,LGBM_regularized,LGBM_regularized,proba,ok,,2.778,111240.0,0.14285714285714285,0.3090909090909091,1377.0,204.0,76.0,34.0,,19.0
0.20387585665558777,0.1875,,,0.5642401242021735,0.09524249003885404,0.15734989648033126,0.10187667560321716,0.34545454545454546,1246,335,72,38,,0.0,,,,,,,,auxiliary_transfer,common_schema,hf_all_orange,0.25,LGBM_balanced,LGBM_balanced,proba,ok,,1.777,80179.0,0.10187667560321716,0.34545454545454546,1246.0,335.0,72.0,38.0,,20.0
0.2514289523538787,0.18738049713193117,,,0.6222183888218044,0.11189385532983631,0.17391304347826086,0.10978520286396182,0.41818181818181815,1208,373,64,46,,0.0,,,,,,,,auxiliary_transfer,common_schema,ibm_cell_kdd,0.5,LGBM_regularized,LGBM_regularized,proba,ok,,2.566,108090.0,0.10978520286396182,0.41818181818181815,1208.0,373.0,64.0,46.0,,21.0
0.42169184868303566,0.1869918699186992,,,0.5439480190903341,0.07577061880997579,0.08035714285714286,0.07894736842105263,0.08181818181818182,1476,105,101,9,,0.014814814814814815,,,,,,,,auxiliary_transfer,common_schema,cell_orange,0.05,LR_balanced,LR_balanced,proba,ok,,1.344,62943.0,0.07894736842105263,0.08181818181818182,1476.0,105.0,101.0,9.0,,22.0
0.2070159535478488,0.18661257606490872,,,0.5614887010522684,0.10829215473508547,0.1419624217118998,0.0921409214092141,0.3090909090909091,1246,335,76,34,,0.017391304347826087,,,,,,,,auxiliary_transfer,common_schema,cell_orange,0.25,LGBM_balanced,LGBM_balanced,proba,ok,,1.502,62943.0,0.0921409214092141,0.3090909090909091,1246.0,335.0,76.0,34.0,,23.0
0.24181755296287563,0.18631178707224333,,,0.575139439940199,0.1147933307331962,0.17005545286506468,0.10672853828306264,0.41818181818181815,1196,385,64,46,,0.017857142857142856,,,,,,,,auxiliary_transfer,common_schema,ibm_cell_kdd,0.5,LGBM_balanced,LGBM_balanced,proba,ok,,2.455,108090.0,0.10672853828306264,0.41818181818181815,1196.0,385.0,64.0,46.0,,24.0
0.37756004269090776,0.186046511627907,,,0.5341958484273475,0.07362818787588904,0.07860262008733625,0.07563025210084033,0.08181818181818182,1471,110,101,9,,0.0,,,,,,,,auxiliary_transfer,common_schema,cell_orange,0.1,LR_balanced,LR_balanced,proba,ok,,1.115,62943.0,0.07563025210084033,0.08181818181818182,1471.0,110.0,101.0,9.0,,25.0
0.1758872873293251,0.1843137254901961,,,0.6312661721580127,0.11212407556386131,0.1908548707753479,0.12213740458015267,0.43636363636363634,1236,345,62,48,,0.0,,,,,,,,auxiliary_transfer,common_schema,all,0.5,LGBM_regularized,LGBM_regularized,proba,ok,,1.493,61240.0,0.12213740458015267,0.43636363636363634,1236.0,345.0,62.0,48.0,,26.0
0.506138288876622,0.1838006230529595,0.5176957126560325,0.1412213740458015,0.551262147087574,0.09271759118879008,0.13719512195121952,0.08241758241758242,0.4090909090909091,1080,501,65,45,0.3228858663512714,0.13001383125864455,0.0766721044045677,0.42727272727272725,1015.0,566.0,63.0,47.0,0.3625073920756949,baza_feature,engineered,baza_only,0.0,BalancedRF_d5,imbalance_ensemble,proba,ok,,5.937,,,,,,,,,27.0
0.17266903816150472,0.1835564053537285,,,0.616488413547237,0.1128916083845196,0.1839080459770115,0.11650485436893204,0.43636363636363634,1217,364,62,48,,0.0,,,,,,,,auxiliary_transfer,common_schema,cell,0.5,LGBM_regularized,LGBM_regularized,proba,ok,,4.464,51047.0,0.11650485436893204,0.43636363636363634,1217.0,364.0,62.0,48.0,,28.0
0.24818919854458563,0.18333333333333335,,,0.5656460238054166,0.10587762648114087,0.12396694214876033,0.11363636363636363,0.13636363636363635,1464,117,95,15,,0.0,,,,,,,,auxiliary_transfer,common_schema,hf_all_orange,0.5,LGBM_balanced,LGBM_balanced,proba,ok,,1.782,80179.0,0.11363636363636363,0.13636363636363635,1464.0,117.0,95.0,15.0,,29.0
0.06969696434473323,0.18323586744639378,0.06727734345883646,0.14915254237288134,0.5660801564027371,0.08180252311699812,0.1214574898785425,0.078125,0.2727272727272727,1227,354,80,30,0.22708456534594915,0.0,0.0,0.0,1581.0,0.0,110.0,0.0,0.0,baza_feature,core,baza_only,0.0,Ridge_balanced_calibrated,linear,proba,ok,,0.181,,,,,,,,,30.0
0.5255601406097412,0.183206106870229,,,0.5769248461848082,0.08470589204133921,0.14095238095238094,0.0891566265060241,0.33636363636363636,1203,378,73,37,,0.14873837981407703,,,,,,,,auxiliary_transfer,common_schema,hf_all_orange,0.1,XGB_weighted,XGB_weighted,proba,ok,,1.658,80179.0,0.0891566265060241,0.33636363636363636,1203.0,378.0,73.0,37.0,,31.0
0.20550981170793892,0.18312387791741475,,,0.6194727157725259,0.11060105562331801,0.17162872154115585,0.10629067245119306,0.44545454545454544,1169,412,61,49,,0.0,,,,,,,,auxiliary_transfer,common_schema,cell_orange,0.5,LGBM_regularized,LGBM_regularized,proba,ok,,1.565,62943.0,0.10629067245119306,0.44545454545454544,1169.0,412.0,61.0,49.0,,32.0
0.19352037526117585,0.18302387267904507,,,0.6103271807256627,0.10341824345600933,0.15938303341902313,0.09281437125748503,0.5636363636363636,975,606,48,62,,0.0,,,,,,,,auxiliary_transfer,common_schema,hf_all_orange,0.5,LGBM_regularized,LGBM_regularized,proba,ok,,1.97,80179.0,0.09281437125748503,0.5636363636363636,975.0,606.0,48.0,62.0,,33.0
0.30535697084721014,0.1825095057034221,,,0.601132769823472,0.10680204766487102,0.12878787878787878,0.11038961038961038,0.15454545454545454,1444,137,93,17,,0.0,,,,,,,,auxiliary_transfer,common_schema,ibm_cell_kdd,0.25,LGBM_regularized,LGBM_regularized,proba,ok,,3.148,108090.0,0.11038961038961038,0.15454545454545454,1444.0,137.0,93.0,17.0,,34.0
0.19380586862333551,0.18237082066869303,,,0.6027226726467714,0.10211684122566661,0.15963855421686746,0.09566787003610108,0.4818181818181818,1080,501,57,53,,0.0,,,,,,,,auxiliary_transfer,common_schema,hf_all_orange,0.25,LGBM_regularized,LGBM_regularized,proba,ok,,2.122,80179.0,0.09566787003610108,0.4818181818181818,1080.0,501.0,57.0,53.0,,35.0
0.2934624212449983,0.1818181818181818,,,0.5881547927088724,0.09933860665014563,0.125,0.09523809523809523,0.18181818181818182,1391,190,90,20,,0.017094017094017096,,,,,,,,auxiliary_transfer,common_schema,ibm_cell_kdd,0.1,LGBM_regularized,LGBM_regularized,proba,ok,,3.157,108090.0,0.09523809523809523,0.18181818181818182,1391.0,190.0,90.0,20.0,,36.0
0.19286777679739053,0.1813031161473088,,,0.5958225518946582,0.114989278259469,0.1634349030470914,0.09640522875816994,0.5363636363636364,1028,553,51,59,,0.0,,,,,,,,auxiliary_transfer,common_schema,cell_orange,0.25,LGBM_regularized,LGBM_regularized,proba,ok,,1.578,62943.0,0.09640522875816994,0.5363636363636364,1028.0,553.0,51.0,59.0,,37.0
0.08870095501971334,0.1812865497076023,0.09889006855965427,0.17940199335548176,0.5757978264619631,0.11895304143492894,0.15803814713896458,0.11284046692607004,0.2636363636363636,1353,228,81,29,0.15198107628622118,0.034782608695652174,0.4,0.01818181818181818,1578.0,3.0,108.0,2.0,0.0029568302779420462,baza_feature,engineered,baza_only,0.0,GradientBoosting_d3,boosting,proba,ok,,45.606,,,,,,,,,38.0
0.5135633945465088,0.18120805369127516,,,0.5757115749525616,0.09067637351287781,0.16387959866220736,0.10040983606557377,0.44545454545454544,1142,439,61,49,,0.15151515151515152,,,,,,,,auxiliary_transfer,common_schema,all,0.05,XGB_weighted,XGB_weighted,proba,ok,,1.569,61240.0,0.10040983606557377,0.44545454545454544,1142.0,439.0,61.0,49.0,,39.0
0.3420799108484021,0.1806451612903226,,,0.5798746478063367,0.08967135904682838,0.15283842794759825,0.10057471264367816,0.3181818181818182,1268,313,75,35,,0.03125,,,,,,,,auxiliary_transfer,common_schema,all_kdd,0.05,LR_balanced,LR_balanced,proba,ok,,4.084,111240.0,0.10057471264367816,0.3181818181818182,1268.0,313.0,75.0,35.0,,40.0
0.5411529541015625,0.18055555555555558,0.5861205458641052,0.1691176470588235,0.5664999137484906,0.09207798119517496,0.1643835616438356,0.10975609756097561,0.32727272727272727,1289,292,74,36,0.19396806623299823,0.14873837981407703,0.08709175738724728,0.509090909090909,994.0,587.0,54.0,56.0,0.38024837374334713,baza_feature,core,baza_only,0.0,XGBoost_d1,boosting,proba,ok,,1.599,,,,,,,,,41.0
0.5197410525763575,0.18047882136279927,0.5207657926692518,0.15028901734104047,0.5655712724972687,0.09409217206073972,0.14634146341463414,0.09219858156028368,0.35454545454545455,1197,384,71,39,0.25014784151389713,0.13386880856760375,0.07849293563579278,0.45454545454545453,994.0,587.0,60.0,50.0,0.37670017740981665,baza_feature,core,baza_only,0.0,BalancedRF_d5,imbalance_ensemble,proba,ok,,5.632,,,,,,,,,42.0
0.08735566367887922,0.18000000000000002,0.07520505542426995,0.14772727272727273,0.5569489966074406,0.08159782240624025,0.05747126436781609,0.078125,0.045454545454545456,1522,59,105,5,0.03784742755765819,0.0,0.0,0.0,1581.0,0.0,110.0,0.0,0.0,baza_feature,encoded_no_ka,baza_only,0.0,Ridge_balanced_calibrated,linear,proba,ok,,0.442,,,,,,,,,43.0
0.08735566367887922,0.18000000000000002,0.07520505542426995,0.14772727272727273,0.5569489966074406,0.08159782240624025,0.05747126436781609,0.078125,0.045454545454545456,1522,59,105,5,0.03784742755765819,0.0,0.0,0.0,1581.0,0.0,110.0,0.0,0.0,baza_feature,encoded_compact,baza_only,0.0,Ridge_balanced_calibrated,linear,proba,ok,,0.251,,,,,,,,,44.0
0.30127163456680106,0.1796875,,,0.5806911620953367,0.08987913690871566,0.15873015873015872,0.10152284263959391,0.36363636363636365,1227,354,70,40,,0.01652892561983471,,,,,,,,auxiliary_transfer,common_schema,ibm_cell_kdd,0.1,LR_balanced,LR_balanced,proba,ok,,3.901,108090.0,0.10152284263959391,0.36363636363636365,1227.0,354.0,70.0,40.0,,45.0
0.2652596197559742,0.17953321364452424,,,0.5823184405727101,0.08991879851645321,0.16129032258064516,0.10044642857142858,0.4090909090909091,1178,403,65,45,,0.01694915254237288,,,,,,,,auxiliary_transfer,common_schema,ibm_cell_kdd,0.25,LR_balanced,LR_balanced,proba,ok,,2.723,108090.0,0.10044642857142858,0.4090909090909091,1178.0,403.0,65.0,45.0,,46.0
0.5348050594329834,0.1793372319688109,,,0.5809527916738543,0.08686888696719477,0.13147410358565736,0.08418367346938775,0.3,1222,359,77,33,,0.13984461709211987,,,,,,,,auxiliary_transfer,common_schema,hf_all_orange,0.25,XGB_weighted,XGB_weighted,proba,ok,,1.568,80179.0,0.08418367346938775,0.3,1222.0,359.0,77.0,33.0,,47.0
0.4910666377431811,0.17918313570487482,0.5284469512464233,0.15,0.5677476855844977,0.09792406320582572,0.13846153846153847,0.08059701492537313,0.4909090909090909,965,616,56,54,0.3962152572442342,0.13793103448275862,0.08191126279863481,0.43636363636363634,1043.0,538.0,62.0,48.0,0.3465405085748078,baza_feature,encoded_no_ka,baza_only,0.0,BalancedRF_d5,imbalance_ensemble,proba,ok,,5.178,,,,,,,,,48.0
0.4910666377431811,0.17918313570487482,0.5284469512464233,0.15,0.5677476855844977,0.09792406320582572,0.13846153846153847,0.08059701492537313,0.4909090909090909,965,616,56,54,0.3962152572442342,0.13793103448275862,0.08191126279863481,0.43636363636363634,1043.0,538.0,62.0,48.0,0.3465405085748078,baza_feature,encoded_compact,baza_only,0.0,BalancedRF_d5,imbalance_ensemble,proba,ok,,5.393,,,,,,,,,49.0
0.4131422114644609,0.1791044776119403,,,0.5787533781841183,0.08956178635110604,0.07909604519774012,0.1044776119402985,0.06363636363636363,1521,60,103,7,,0.03125,,,,,,,,auxiliary_transfer,common_schema,ibm_cell_kdd,0.05,LR_balanced,LR_balanced,proba,ok,,3.782,108090.0,0.1044776119402985,0.06363636363636363,1521.0,60.0,103.0,7.0,,51.0
0.2116267398036957,0.1791044776119403,,,0.5756741992984877,0.09249870607428515,0.14232209737827714,0.12101910828025478,0.17272727272727273,1443,138,91,19,,0.0,,,,,,,,auxiliary_transfer,common_schema,hf_all,0.25,LGBM_regularized,LGBM_regularized,proba,ok,,2.174,68283.0,0.12101910828025478,0.17272727272727273,1443.0,138.0,91.0,19.0,,50.0
0.28475746754752906,0.17901234567901234,,,0.606483238456673,0.11432493976960884,0.1829652996845426,0.14009661835748793,0.2636363636363636,1403,178,81,29,,0.0,,,,,,,,auxiliary_transfer,common_schema,all_kdd,0.25,LGBM_regularized,LGBM_regularized,proba,ok,,2.599,111240.0,0.14009661835748793,0.2636363636363636,1403.0,178.0,81.0,29.0,,52.0
0.6347237977287927,0.17898832684824906,0.5597640768668402,0.14732142857142858,0.5537806911620954,0.08290029803381019,0.12875536480686695,0.12195121951219512,0.13636363636363635,1473,108,95,15,0.07273802483737433,0.1371571072319202,0.07947976878612717,0.5,944.0,637.0,55.0,55.0,0.4092253104671792,baza_feature,encoded_no_ka,baza_only,0.0,LogReg_L2_C03_balanced,linear,proba,ok,,0.573,,,,,,,,,53.0
0.6347237977287927,0.17898832684824906,0.5597640768668402,0.14732142857142858,0.5537806911620954,0.08290029803381019,0.12875536480686695,0.12195121951219512,0.13636363636363635,1473,108,95,15,0.07273802483737433,0.1371571072319202,0.07947976878612717,0.5,944.0,637.0,55.0,55.0,0.4092253104671792,baza_feature,encoded_compact,baza_only,0.0,LogReg_L2_C03_balanced,linear,proba,ok,,0.214,,,,,,,,,54.0
0.1656951674263584,0.178517397881997,,,0.6041803231556553,0.11183738295024812,0.1648854961832061,0.09908256880733946,0.4909090909090909,1090,491,56,54,,0.017857142857142856,,,,,,,,auxiliary_transfer,common_schema,all,0.05,LGBM_regularized,LGBM_regularized,proba,ok,,1.908,61240.0,0.09908256880733946,0.4909090909090909,1090.0,491.0,56.0,54.0,,55.0
0.513859212398529,0.1783876500857633,,,0.5746506813869243,0.08526041332722123,0.15867768595041323,0.09696969696969697,0.43636363636363634,1134,447,62,48,,0.14965986394557823,,,,,,,,auxiliary_transfer,common_schema,hf_all_orange,0.05,XGB_weighted,XGB_weighted,proba,ok,,2.119,80179.0,0.09696969696969697,0.43636363636363634,1134.0,447.0,62.0,48.0,,56.0
0.5034390091896057,0.178125,,,0.5867977689609568,0.09583759126196556,0.16964285714285715,0.10142348754448399,0.5181818181818182,1076,505,53,57,,0.15955983493810177,,,,,,,,auxiliary_transfer,common_schema,all_kdd,0.05,XGB_weighted,XGB_weighted,proba,ok,,2.109,111240.0,0.10142348754448399,0.5181818181818182,1076.0,505.0,53.0,57.0,,57.0
0.3725354050179229,0.17801047120418848,,,0.581237421654879,0.08999353902365637,0.0893854748603352,0.11594202898550725,0.07272727272727272,1520,61,102,8,,0.01652892561983471,,,,,,,,auxiliary_transfer,common_schema,all_kdd,0.1,LR_balanced,LR_balanced,proba,ok,,3.706,111240.0,0.11594202898550725,0.07272727272727272,1520.0,61.0,102.0,8.0,,58.0
0.2584146755792705,0.17796610169491525,,,0.5839399689494567,0.09843133957351695,0.13991769547325103,0.12781954887218044,0.15454545454545454,1465,116,93,17,,0.0,,,,,,,,auxiliary_transfer,common_schema,hf_all_orange,0.1,LGBM_regularized,LGBM_regularized,proba,ok,,2.048,80179.0,0.12781954887218044,0.15454545454545454,1465.0,116.0,93.0,17.0,,59.0
0.21915509147360474,0.17777777777777776,,,0.5988269794721408,0.10013649558602941,0.11403508771929824,0.11016949152542373,0.11818181818181818,1476,105,97,13,,0.0,,,,,,,,auxiliary_transfer,common_schema,hf_all,0.5,LGBM_regularized,LGBM_regularized,proba,ok,,1.704,68283.0,0.11016949152542373,0.11818181818181818,1476.0,105.0,97.0,13.0,,60.0
0.23632657990185837,0.17751479289940827,,,0.5715772526019206,0.08163590736694995,0.1165644171779141,0.08796296296296297,0.17272727272727273,1384,197,91,19,,0.0,,,,,,,,auxiliary_transfer,common_schema,all,0.25,LR_balanced,LR_balanced,proba,ok,,0.922,61240.0,0.08796296296296297,0.17272727272727273,1384.0,197.0,91.0,19.0,,61.0
0.2452384318284241,0.17709923664122137,,,0.5862802599045485,0.09038254810730798,0.15915915915915915,0.09532374100719425,0.4818181818181818,1078,503,57,53,,0.017241379310344827,,,,,,,,auxiliary_transfer,common_schema,all_kdd,0.5,LR_balanced,LR_balanced,proba,ok,,3.314,111240.0,0.09532374100719425,0.4818181818181818,1078.0,503.0,57.0,53.0,,62.0
0.2421230787282804,0.1768292682926829,,,0.5619199585992755,0.09911702517975157,0.13897280966767372,0.10407239819004525,0.20909090909090908,1383,198,87,23,,0.017543859649122806,,,,,,,,auxiliary_transfer,common_schema,hf_all_orange,0.05,LGBM_balanced,LGBM_balanced,proba,ok,,1.843,80179.0,0.10407239819004525,0.20909090909090908,1383.0,198.0,87.0,23.0,,63.0
0.06720202376816813,0.17677642980935876,0.07495760524825608,0.1927710843373494,0.578842504743833,0.11627289371761335,0.16312056737588654,0.1013215859030837,0.41818181818181815,1173,408,64,46,0.2684801892371378,0.0,0.0,0.0,1580.0,1.0,110.0,0.0,0.0005913660555884093,baza_feature,core,baza_only,0.0,GradientBoosting_d3,boosting,proba,ok,,10.541,,,,,,,,,64.0
0.06778661348625885,0.176759410801964,0.07994149484917969,0.1758241758241758,0.5755419469840721,0.09928292313508051,0.15307820299500832,0.09368635437881874,0.41818181818181815,1136,445,64,46,0.29036073329390893,0.0,0.0,0.0,1581.0,0.0,110.0,0.0,0.0,baza_feature,core,baza_only,0.0,GradientBoosting_d2,boosting,proba,ok,,8.227,,,,,,,,,65.0
0.6666337783511662,0.17674418604651163,0.5006015890228686,0.1450381679389313,0.5505606348111092,0.07928074413357597,0.07777777777777778,0.1,0.06363636363636363,1518,63,103,7,0.04139562389118864,0.14412136536030343,0.08370044052863436,0.5181818181818182,957.0,624.0,53.0,57.0,0.4027202838557067,baza_feature,encoded_no_ka,baza_only,0.0,LogReg_L1_balanced,linear,proba,ok,,42.695,,,,,,,,,66.0
0.6666337783511662,0.17674418604651163,0.5006015890228686,0.1450381679389313,0.5505606348111092,0.07928074413357597,0.07777777777777778,0.1,0.06363636363636363,1518,63,103,7,0.04139562389118864,0.14412136536030343,0.08370044052863436,0.5181818181818182,957.0,624.0,53.0,57.0,0.4027202838557067,baza_feature,encoded_compact,baza_only,0.0,LogReg_L1_balanced,linear,proba,ok,,40.585,,,,,,,,,67.0
0.31033675801266475,0.17647058823529413,,,0.562158587775286,0.08011051401615019,0.08560311284046693,0.07482993197278912,0.1,1445,136,99,11,,0.0,,,,,,,,auxiliary_transfer,common_schema,cell,0.1,LR_balanced,LR_balanced,proba,ok,,0.804,51047.0,0.07482993197278912,0.1,1445.0,136.0,99.0,11.0,,68.0
0.1650513021788843,0.17638691322901848,,,0.5800442757748261,0.09725650465849947,0.14947683109118087,0.08944543828264759,0.45454545454545453,1072,509,60,50,,0.0,,,,,,,,auxiliary_transfer,common_schema,hf_all,0.1,LGBM_regularized,LGBM_regularized,proba,ok,,1.744,68283.0,0.08944543828264759,0.45454545454545453,1072.0,509.0,60.0,50.0,,69.0
0.5173707179083168,0.17553956834532375,0.5406213950227844,0.15942028985507245,0.5827841987234776,0.0920140995488977,0.1490857946554149,0.08818635607321132,0.4818181818181818,1033,548,57,53,0.35541099940863397,0.15192743764172337,0.08678756476683938,0.6090909090909091,876.0,705.0,43.0,67.0,0.4565345949142519,baza_feature,core,baza_only,0.0,EasyEnsemble_30,imbalance_ensemble,proba,ok,,1.87,,,,,,,,,70.0
0.5171419670520268,0.17549167927382753,0.5304200496291622,0.17118997912317327,0.5830343281007417,0.09225046885127201,0.14285714285714285,0.08506944444444445,0.44545454545454544,1054,527,61,49,0.34062684801892373,0.13689839572192514,0.07757575757575758,0.5818181818181818,820.0,761.0,46.0,64.0,0.4878769958604376,baza_feature,engineered,baza_only,0.0,EasyEnsemble_30,imbalance_ensemble,proba,ok,,6.873,,,,,,,,,71.0
0.49312570691108704,0.1754385964912281,,,0.5826260709562417,0.09657473002069047,0.15526315789473685,0.09076923076923077,0.5363636363636364,990,591,51,59,,0.16326530612244897,,,,,,,,auxiliary_transfer,common_schema,ibm_cell_kdd,0.05,XGB_weighted,XGB_weighted,proba,ok,,2.15,108090.0,0.09076923076923077,0.5363636363636364,990.0,591.0,51.0,59.0,,72.0
0.5446996688842773,0.17543859649122806,,,0.5832787073773791,0.10077041329347758,0.15217391304347827,0.10852713178294573,0.2545454545454545,1351,230,82,28,,0.15365853658536585,,,,,,,,auxiliary_transfer,common_schema,cell,0.25,XGB_weighted,XGB_weighted,proba,ok,,3.182,51047.0,0.10852713178294573,0.2545454545454545,1351.0,230.0,82.0,28.0,,73.0
0.24035745477010126,0.17537942664418213,,,0.5751308147892589,0.11427540304557535,0.15753424657534246,0.0970464135021097,0.41818181818181815,1153,428,64,46,,0.03333333333333333,,,,,,,,auxiliary_transfer,common_schema,all_kdd,0.25,LGBM_balanced,LGBM_balanced,proba,ok,,2.571,111240.0,0.0970464135021097,0.41818181818181815,1153.0,428.0,64.0,46.0,,74.0
0.2624030218721028,0.17525773195876287,,,0.5846587315278018,0.09023750400748157,0.1541095890410959,0.0949367088607595,0.4090909090909091,1152,429,65,45,,0.01680672268907563,,,,,,,,auxiliary_transfer,common_schema,all_kdd,0.25,LR_balanced,LR_balanced,proba,ok,,2.441,111240.0,0.0949367088607595,0.4090909090909091,1152.0,429.0,65.0,45.0,,75.0
0.2497292941805809,0.17518248175182483,,,0.5630613535736876,0.08028222361781073,0.08695652173913043,0.07692307692307693,0.1,1449,132,99,11,,0.0,,,,,,,,auxiliary_transfer,common_schema,cell,0.25,LR_balanced,LR_balanced,proba,ok,,1.36,51047.0,0.07692307692307693,0.1,1449.0,132.0,99.0,11.0,,76.0
0.5176259875297546,0.17486338797814205,,,0.5941262722097637,0.09894675734807676,0.1588447653429603,0.0990990990990991,0.4,1181,400,66,44,,0.16111111111111112,,,,,,,,auxiliary_transfer,common_schema,ibm_cell_kdd,0.1,XGB_weighted,XGB_weighted,proba,ok,,2.218,108090.0,0.0990990990990991,0.4,1181.0,400.0,66.0,44.0,,77.0
0.3598895061680668,0.17482517482517484,,,0.5648266344661032,0.08084421592807448,0.09125475285171103,0.0784313725490196,0.10909090909090909,1440,141,98,12,,0.0,,,,,,,,auxiliary_transfer,common_schema,all,0.05,LR_balanced,LR_balanced,proba,ok,,1.582,61240.0,0.0784313725490196,0.10909090909090909,1440.0,141.0,98.0,12.0,,78.0
0.5351427204873578,0.17479674796747968,0.555380399955613,0.18604651162790697,0.589943074003795,0.0948649238598793,0.15546218487394958,0.10109289617486339,0.33636363636363636,1252,329,73,37,0.21643997634535778,0.15219721329046088,0.08626974483596597,0.6454545454545455,829.0,752.0,39.0,71.0,0.4866942637492608,baza_feature,engineered,baza_only,0.0,EasyEnsemble_10,imbalance_ensemble,proba,ok,,3.392,,,,,,,,,79.0
0.23257511450669108,0.1746293245469522,,,0.549772871025243,0.10120154013889957,0.1455160744500846,0.0893970893970894,0.39090909090909093,1143,438,67,43,,0.03333333333333333,,,,,,,,auxiliary_transfer,common_schema,all_kdd,0.1,LGBM_balanced,LGBM_balanced,proba,ok,,2.619,111240.0,0.0893970893970894,0.39090909090909093,1143.0,438.0,67.0,43.0,,80.0
0.5346423983573914,0.17456359102244387,,,0.6239434190098327,0.10123953352781116,0.1725067385444744,0.12260536398467432,0.2909090909090909,1352,229,78,32,,0.144349477682811,,,,,,,,auxiliary_transfer,common_schema,all_kdd,0.5,XGB_weighted,XGB_weighted,proba,ok,,2.319,111240.0,0.12260536398467432,0.2909090909090909,1352.0,229.0,78.0,32.0,,81.0
0.3724015563782394,0.1745454545454545,,,0.5623195905928354,0.08039480993150641,0.09302325581395349,0.08108108108108109,0.10909090909090909,1445,136,98,12,,0.03225806451612903,,,,,,,,auxiliary_transfer,common_schema,cell,0.05,LR_balanced,LR_balanced,proba,ok,,1.024,51047.0,0.08108108108108109,0.10909090909090909,1445.0,136.0,98.0,12.0,,82.0
0.35970554854437153,0.17417417417417413,,,0.546690817089299,0.0746774851850931,0.09404388714733543,0.07177033492822966,0.13636363636363635,1387,194,95,15,,0.016129032258064516,,,,,,,,auxiliary_transfer,common_schema,hf_all_orange,0.05,LR_balanced,LR_balanced,proba,ok,,2.042,80179.0,0.07177033492822966,0.13636363636363635,1387.0,194.0,95.0,15.0,,83.0
0.5347775816917419,0.17410714285714285,,,0.6051405899603244,0.09920810704134471,0.15639810426540285,0.10576923076923077,0.3,1302,279,77,33,,0.1461794019933555,,,,,,,,auxiliary_transfer,common_schema,ibm_cell_kdd,0.5,XGB_weighted,XGB_weighted,proba,ok,,2.023,108090.0,0.10576923076923077,0.3,1302.0,279.0,77.0,33.0,,84.0
0.518507719039917,0.17406749555950266,,,0.5525731700304755,0.08802028012377022,0.1443661971830986,0.08951965065502183,0.37272727272727274,1164,417,69,41,,0.14384508990318118,,,,,,,,auxiliary_transfer,common_schema,cell,0.05,XGB_weighted,XGB_weighted,proba,ok,,1.215,51047.0,0.08951965065502183,0.37272727272727274,1164.0,417.0,69.0,41.0,,85.0
0.5163012742996216,0.17406143344709898,,,0.5776464838134667,0.0890830751934048,0.16556291390728478,0.10121457489878542,0.45454545454545453,1137,444,60,50,,0.14698162729658792,,,,,,,,auxiliary_transfer,common_schema,all,0.1,XGB_weighted,XGB_weighted,proba,ok,,1.449,61240.0,0.10121457489878542,0.45454545454545453,1137.0,444.0,60.0,50.0,,86.0
0.24965687409914747,0.1739130434782609,,,0.588430797538957,0.08973455851262466,0.14513274336283186,0.09010989010989011,0.37272727272727274,1167,414,69,41,,0.017094017094017096,,,,,,,,auxiliary_transfer,common_schema,ibm_cell_kdd,0.5,LR_balanced,LR_balanced,proba,ok,,3.205,108090.0,0.09010989010989011,0.37272727272727274,1167.0,414.0,69.0,41.0,,87.0
0.5171082615852356,0.17375231053604434,,,0.5530475533321833,0.09038704449760618,0.14100185528756956,0.08857808857808858,0.34545454545454546,1190,391,72,38,,0.12771739130434784,,,,,,,,auxiliary_transfer,common_schema,hf_all,0.05,XGB_weighted,XGB_weighted,proba,ok,,1.643,68283.0,0.08857808857808858,0.34545454545454546,1190.0,391.0,72.0,38.0,,88.0
0.3161504590225875,0.17351598173515984,,,0.5593554137197401,0.10092191882081866,0.17573221757322174,0.16279069767441862,0.19090909090909092,1473,108,89,21,,0.03389830508474576,,,,,,,,auxiliary_transfer,common_schema,ibm_cell_kdd,0.25,LGBM_balanced,LGBM_balanced,proba,ok,,3.475,108090.0,0.16279069767441862,0.19090909090909092,1473.0,108.0,89.0,21.0,,89.0
0.307383356072232,0.17293233082706766,,,0.5665746650566384,0.08081014200010457,0.09016393442622951,0.08208955223880597,0.1,1458,123,99,11,,0.0,,,,,,,,auxiliary_transfer,common_schema,all,0.1,LR_balanced,LR_balanced,proba,ok,,1.128,61240.0,0.08208955223880597,0.1,1458.0,123.0,99.0,11.0,,90.0
0.5268999860620486,0.1724770642201835,0.5486824137606797,0.16167664670658685,0.5868811454200448,0.09356767957877166,0.15357142857142858,0.09555555555555556,0.39090909090909093,1174,407,67,43,0.26611472501478417,0.15584415584415584,0.08955223880597014,0.6,910.0,671.0,44.0,66.0,0.4358367829686576,baza_feature,core,baza_only,0.0,EasyEnsemble_10,imbalance_ensemble,proba,ok,,12.908,,,,,,,,,91.0
0.5284250974655151,0.17233560090702948,,,0.5988931056293485,0.10250152715647513,0.16192560175054704,0.10662824207492795,0.33636363636363636,1271,310,73,37,,0.1622340425531915,,,,,,,,auxiliary_transfer,common_schema,all_kdd,0.1,XGB_weighted,XGB_weighted,proba,ok,,2.206,111240.0,0.10662824207492795,0.33636363636363636,1271.0,310.0,73.0,37.0,,92.0
0.23625921973002523,0.1718213058419244,,,0.5646713817491806,0.08026566751957638,0.11387900355871886,0.0935672514619883,0.14545454545454545,1426,155,94,16,,0.0,,,,,,,,auxiliary_transfer,common_schema,hf_all,0.25,LR_balanced,LR_balanced,proba,ok,,1.255,68283.0,0.0935672514619883,0.14545454545454545,1426.0,155.0,94.0,16.0,,93.0
0.18710988152667632,0.1717557251908397,,,0.5623023402909552,0.08008856414723012,0.14257425742574256,0.09113924050632911,0.32727272727272727,1222,359,74,36,,0.0,,,,,,,,auxiliary_transfer,common_schema,cell,0.5,LR_balanced,LR_balanced,proba,ok,,1.264,51047.0,0.09113924050632911,0.32727272727272727,1222.0,359.0,74.0,36.0,,94.0
0.5334484785025972,0.17142857142857143,0.5438776363065252,0.173469387755102,0.5852164912885975,0.09329560474550547,0.15145631067961166,0.0962962962962963,0.35454545454545455,1215,366,71,39,0.23950325251330573,0.1377049180327869,0.0782608695652174,0.5727272727272728,839.0,742.0,47.0,63.0,0.47604967474866944,baza_feature,encoded_no_ka,baza_only,0.0,EasyEnsemble_30,imbalance_ensemble,proba,ok,,6.505,,,,,,,,,95.0
0.5334484785025972,0.17142857142857143,0.5438776363065252,0.173469387755102,0.5852164912885975,0.09329560474550547,0.15145631067961166,0.0962962962962963,0.35454545454545455,1215,366,71,39,0.23950325251330573,0.1377049180327869,0.0782608695652174,0.5727272727272728,839.0,742.0,47.0,63.0,0.47604967474866944,baza_feature,encoded_compact,baza_only,0.0,EasyEnsemble_30,imbalance_ensemble,proba,ok,,6.47,,,,,,,,,96.0
0.5932013514367107,0.17142857142857143,,,0.5627508481398424,0.08078203527536759,0.09090909090909091,0.08333333333333333,0.1,1460,121,99,11,,0.1372299872935197,,,,,,,,auxiliary_transfer,common_schema,baza_only,0.05,LR_balanced,LR_balanced,proba,ok,,0.109,0.0,0.08333333333333333,0.1,1460.0,121.0,99.0,11.0,,97.0
0.17125688163432626,0.171334431630972,,,0.6154936461388074,0.11852527944608178,0.17763157894736842,0.10843373493975904,0.4909090909090909,1137,444,56,54,,0.0,,,,,,,,auxiliary_transfer,common_schema,all,0.25,LGBM_regularized,LGBM_regularized,proba,ok,,1.496,61240.0,0.10843373493975904,0.4909090909090909,1137.0,444.0,56.0,54.0,,98.0
0.21618785513699673,0.17123287671232879,,,0.5658444022770399,0.08059633840439115,0.12949640287769784,0.10714285714285714,0.16363636363636364,1431,150,92,18,,0.0,,,,,,,,auxiliary_transfer,common_schema,hf_all,0.5,LR_balanced,LR_balanced,proba,ok,,0.906,68283.0,0.10714285714285714,0.16363636363636364,1431.0,150.0,92.0,18.0,,99.0
0.24994206292393062,0.17122040072859745,,,0.5931947559082285,0.10297160727797207,0.16666666666666666,0.10251046025104603,0.44545454545454544,1152,429,61,49,,0.017391304347826087,,,,,,,,auxiliary_transfer,common_schema,all_kdd,0.1,LGBM_regularized,LGBM_regularized,proba,ok,,2.824,111240.0,0.10251046025104603,0.44545454545454544,1152.0,429.0,61.0,49.0,,100.0
0.22121769645058503,0.17105263157894737,,,0.5777672359266287,0.11146243546634346,0.133630289532294,0.07614213197969544,0.5454545454545454,853,728,50,60,,0.017857142857142856,,,,,,,,auxiliary_transfer,common_schema,all_kdd,0.5,LGBM_balanced,LGBM_balanced,proba,ok,,2.404,111240.0,0.07614213197969544,0.5454545454545454,853.0,728.0,50.0,60.0,,101.0
0.5020950436592102,0.17069701280227598,,,0.5669541716980047,0.09326471006226686,0.1471004243281471,0.08710217755443886,0.4727272727272727,1036,545,58,52,,0.14774281805745554,,,,,,,,auxiliary_transfer,common_schema,cell,0.1,XGB_weighted,XGB_weighted,proba,ok,,3.067,51047.0,0.08710217755443886,0.4727272727272727,1036.0,545.0,58.0,52.0,,102.0
0.16983897276054868,0.17069243156199676,,,0.597725835202116,0.11885204971620486,0.16501650165016502,0.10080645161290322,0.45454545454545453,1135,446,60,50,,0.018018018018018018,,,,,,,,auxiliary_transfer,common_schema,all,0.1,LGBM_regularized,LGBM_regularized,proba,ok,,1.513,61240.0,0.10080645161290322,0.45454545454545453,1135.0,446.0,60.0,50.0,,103.0
0.2705725409771358,0.17040358744394618,,,0.5786067506181358,0.09377763953702618,0.1085972850678733,0.10810810810810811,0.10909090909090909,1482,99,98,12,,0.0,,,,,,,,auxiliary_transfer,common_schema,hf_all_orange,0.05,LGBM_regularized,LGBM_regularized,proba,ok,,1.904,80179.0,0.10810810810810811,0.10909090909090909,1482.0,99.0,98.0,12.0,,104.0
0.27970410601988516,0.1703470031545741,,,0.5633603588062791,0.0798479536304047,0.13548387096774195,0.105,0.19090909090909092,1402,179,89,21,,0.0,,,,,,,,auxiliary_transfer,common_schema,hf_all,0.1,LR_balanced,LR_balanced,proba,ok,,1.178,68283.0,0.105,0.19090909090909092,1402.0,179.0,89.0,21.0,,105.0
0.34290270507918447,0.17006802721088438,,,0.5628083491461101,0.07983425977696801,0.11072664359861592,0.0893854748603352,0.14545454545454545,1418,163,94,16,,0.016666666666666666,,,,,,,,auxiliary_transfer,common_schema,hf_all,0.05,LR_balanced,LR_balanced,proba,ok,,2.744,68283.0,0.0893854748603352,0.14545454545454545,1418.0,163.0,94.0,16.0,,106.0
0.4928203225135803,0.17001180637544275,,,0.5879017882812949,0.09290333251447631,0.14732142857142858,0.08396946564885496,0.6,861,720,44,66,,0.15460122699386503,,,,,,,,auxiliary_transfer,common_schema,ibm_cell_kdd,0.25,XGB_weighted,XGB_weighted,proba,ok,,2.398,108090.0,0.08396946564885496,0.6,861.0,720.0,44.0,66.0,,107.0
0.17129316946716425,0.16991150442477876,,,0.6027341728480249,0.11147858738337782,0.16399286987522282,0.10199556541019955,0.41818181818181815,1176,405,64,46,,0.0,,,,,,,,auxiliary_transfer,common_schema,cell,0.25,LGBM_regularized,LGBM_regularized,proba,ok,,3.867,51047.0,0.10199556541019955,0.41818181818181815,1176.0,405.0,64.0,46.0,,108.0
0.5241299271583557,0.16976127320954906,,,0.5837674659306538,0.09265015538205572,0.12853470437017994,0.0748502994011976,0.45454545454545453,963,618,60,50,,0.1408906882591093,,,,,,,,auxiliary_transfer,common_schema,hf_all_orange,0.5,XGB_weighted,XGB_weighted,proba,ok,,1.582,80179.0,0.0748502994011976,0.45454545454545453,963.0,618.0,60.0,50.0,,109.0
0.5222269396868714,0.1694290976058932,0.514959553208311,0.1515151515151515,0.559226036455638,0.08010553451252217,0.13883677298311445,0.08747044917257683,0.33636363636363636,1195,386,73,37,0.25014784151389713,0.13592233009708737,0.08019639934533551,0.44545454545454544,1019.0,562.0,61.0,49.0,0.361324659964518,baza_feature,core,baza_only,0.0,LogReg_L2_C03_balanced,linear,proba,ok,,0.16,,,,,,,,,110.0
0.5172019004821777,0.1692573402417962,,,0.6016934046345812,0.0965341811511861,0.1494057724957555,0.0918580375782881,0.4,1146,435,66,44,,0.15441176470588236,,,,,,,,auxiliary_transfer,common_schema,all_kdd,0.25,XGB_weighted,XGB_weighted,proba,ok,,2.454,111240.0,0.0918580375782881,0.4,1146.0,435.0,66.0,44.0,,111.0
0.19489043602328093,0.1691842900302115,,,0.564182623195906,0.10504849289287979,0.14397496087636932,0.08695652173913043,0.41818181818181815,1098,483,64,46,,0.017543859649122806,,,,,,,,auxiliary_transfer,common_schema,cell_orange,0.5,LGBM_balanced,LGBM_balanced,proba,ok,,1.486,62943.0,0.08695652173913043,0.41818181818181815,1098.0,483.0,64.0,46.0,,112.0
0.5106139779090881,0.16887417218543047,,,0.5537030648036341,0.09376699480077319,0.13996889580093314,0.08442776735459662,0.4090909090909091,1093,488,65,45,,0.1341772151898734,,,,,,,,auxiliary_transfer,common_schema,hf_all,0.1,XGB_weighted,XGB_weighted,proba,ok,,1.493,68283.0,0.08442776735459662,0.4090909090909091,1093.0,488.0,65.0,45.0,,113.0
0.19469401763869834,0.16885553470919323,,,0.5498044965786901,0.10080498668133342,0.14100185528756956,0.08857808857808858,0.34545454545454546,1190,391,72,38,,0.03278688524590164,,,,,,,,auxiliary_transfer,common_schema,cell_orange,0.1,LGBM_balanced,LGBM_balanced,proba,ok,,1.52,62943.0,0.08857808857808858,0.34545454545454546,1190.0,391.0,72.0,38.0,,114.0
0.2081698396003414,0.16879795396419436,,,0.5728940256454488,0.0814385828401218,0.14659685863874344,0.10294117647058823,0.2545454545454545,1337,244,82,28,,0.0,,,,,,,,auxiliary_transfer,common_schema,all,0.5,LR_balanced,LR_balanced,proba,ok,,0.86,61240.0,0.10294117647058823,0.2545454545454545,1337.0,244.0,82.0,28.0,,115.0
0.5453575894052686,0.1687344913151365,0.5159443598292586,0.14991482112436116,0.5599735495371169,0.0811206319025986,0.11822660098522167,0.08108108108108109,0.21818181818181817,1309,272,86,24,0.17504435245416913,0.1348314606741573,0.07973421926910298,0.43636363636363634,1027.0,554.0,62.0,48.0,0.35600236546422237,baza_feature,core,baza_only,0.0,LogReg_L1_balanced,linear,proba,ok,,1.224,,,,,,,,,116.0
0.2135406120947706,0.1686746987951807,,,0.5442297740210453,0.08633536451057738,0.14285714285714285,0.10849056603773585,0.20909090909090908,1392,189,87,23,,0.017094017094017096,,,,,,,,auxiliary_transfer,common_schema,hf_all,0.05,LGBM_balanced,LGBM_balanced,proba,ok,,4.861,68283.0,0.10849056603773585,0.20909090909090908,1392.0,189.0,87.0,23.0,,117.0
0.2578987071514285,0.16862745098039217,,,0.5776723592662871,0.09525103502301774,0.15594541910331383,0.09925558312655088,0.36363636363636365,1218,363,70,40,,0.01680672268907563,,,,,,,,auxiliary_transfer,common_schema,ibm_cell_kdd,0.05,LGBM_regularized,LGBM_regularized,proba,ok,,2.682,108090.0,0.09925558312655088,0.36363636363636365,1218.0,363.0,70.0,40.0,,118.0
0.16590984593278962,0.16842105263157894,,,0.5668564199873497,0.09703440935335436,0.14109347442680775,0.087527352297593,0.36363636363636365,1164,417,70,40,,0.017699115044247787,,,,,,,,auxiliary_transfer,common_schema,cell,0.5,LGBM_balanced,LGBM_balanced,proba,ok,,3.837,51047.0,0.087527352297593,0.36363636363636365,1164.0,417.0,70.0,40.0,,119.0
0.2684444210938995,0.16818181818181818,,,0.5733396584440227,0.0967547594799402,0.15137614678899083,0.10122699386503067,0.3,1288,293,77,33,,0.01694915254237288,,,,,,,,auxiliary_transfer,common_schema,all_kdd,0.05,LGBM_regularized,LGBM_regularized,proba,ok,,2.605,111240.0,0.10122699386503067,0.3,1288.0,293.0,77.0,33.0,,120.0
0.34101736804764204,0.1678832116788321,,,0.5224483928468748,0.0712145641763614,0.06557377049180328,0.05970149253731343,0.07272727272727272,1455,126,102,8,,0.0,,,,,,,,auxiliary_transfer,common_schema,cell_orange,0.25,LR_balanced,LR_balanced,proba,ok,,0.96,62943.0,0.05970149253731343,0.07272727272727272,1455.0,126.0,102.0,8.0,,121.0
0.5160847902297974,0.16774193548387098,,,0.5901615778276119,0.08824322128974876,0.14869888475836432,0.08608321377331421,0.5454545454545454,944,637,50,60,,0.14173228346456693,,,,,,,,auxiliary_transfer,common_schema,all,0.5,XGB_weighted,XGB_weighted,proba,ok,,1.249,61240.0,0.08608321377331421,0.5454545454545454,944.0,637.0,50.0,60.0,,122.0
0.6114761829376221,0.1675392670157068,,,0.5840693462135588,0.08856184822535032,0.07734806629834254,0.09859154929577464,0.06363636363636363,1517,64,103,7,,0.13523809523809524,,,,,,,,auxiliary_transfer,common_schema,cell_orange,0.5,XGB_weighted,XGB_weighted,proba,ok,,1.287,62943.0,0.09859154929577464,0.06363636363636363,1517.0,64.0,103.0,7.0,,123.0
0.07430202178663775,0.16666666666666669,0.09736707187967145,0.1764705882352941,0.5574693807141625,0.09736176229562976,0.14893617021276595,0.09251101321585903,0.38181818181818183,1169,412,68,42,0.2684801892371378,0.017699115044247787,0.3333333333333333,0.00909090909090909,1579.0,2.0,109.0,1.0,0.0017740981667652277,baza_feature,encoded_no_ka,baza_only,0.0,GradientBoosting_d3,boosting,proba,ok,,45.318,,,,,,,,,124.0
0.07430202178663775,0.16666666666666669,0.09736707187967145,0.1764705882352941,0.5574693807141625,0.09736176229562976,0.14893617021276595,0.09251101321585903,0.38181818181818183,1169,412,68,42,0.2684801892371378,0.017699115044247787,0.3333333333333333,0.00909090909090909,1579.0,2.0,109.0,1.0,0.0017740981667652277,baza_feature,encoded_compact,baza_only,0.0,GradientBoosting_d3,boosting,proba,ok,,27.608,,,,,,,,,125.0
0.4480641760085822,0.16631130063965888,,,0.547294577655109,0.09336070250889103,0.13793103448275862,0.0903954802259887,0.2909090909090909,1259,322,78,32,,0.11494252873563218,,,,,,,,auxiliary_transfer,common_schema,baza_only,0.05,LGBM_balanced,LGBM_balanced,proba,ok,,0.608,0.0,0.0903954802259887,0.2909090909090909,1259.0,322.0,78.0,32.0,,126.0
0.2016417620607764,0.166189111747851,,,0.5880714162497843,0.11419564434052683,0.17313432835820897,0.1288888888888889,0.2636363636363636,1385,196,81,29,,0.017857142857142856,,,,,,,,auxiliary_transfer,common_schema,cell,0.1,LGBM_regularized,LGBM_regularized,proba,ok,,4.165,51047.0,0.1288888888888889,0.2636363636363636,1385.0,196.0,81.0,29.0,,127.0
0.16827116053847022,0.16560509554140126,,,0.5469984474728308,0.09787902174729132,0.13114754098360656,0.07717041800643087,0.43636363636363634,1007,574,62,48,,0.03389830508474576,,,,,,,,auxiliary_transfer,common_schema,hf_all_orange,0.1,LGBM_balanced,LGBM_balanced,proba,ok,,1.804,80179.0,0.07717041800643087,0.43636363636363634,1007.0,574.0,62.0,48.0,,128.0
0.19687337747168954,0.16531604538087522,,,0.5835489621068368,0.1019003314466507,0.14423076923076922,0.08754863813229571,0.4090909090909091,1112,469,65,45,,0.017543859649122806,,,,,,,,auxiliary_transfer,common_schema,cell_orange,0.05,LGBM_regularized,LGBM_regularized,proba,ok,,1.552,62943.0,0.08754863813229571,0.4090909090909091,1112.0,469.0,65.0,45.0,,129.0
0.5653836131095886,0.16524216524216523,0.592997133731842,0.1646090534979424,0.5658357771260997,0.09078853075218368,0.14450867052023122,0.1059322033898305,0.22727272727272727,1370,211,85,25,0.13956238911886457,0.14120667522464697,0.08221225710014948,0.5,967.0,614.0,55.0,55.0,0.39562389118864577,baza_feature,engineered,baza_only,0.0,XGBoost_d1,boosting,proba,ok,,1.324,,,,,,,,,130.0
0.6136086583137512,0.16494845360824742,,,0.5725288942556495,0.08952164775106278,0.08743169398907104,0.1095890410958904,0.07272727272727272,1516,65,102,8,,0.13347457627118645,,,,,,,,auxiliary_transfer,common_schema,cell_orange,0.25,XGB_weighted,XGB_weighted,proba,ok,,1.276,62943.0,0.1095890410958904,0.07272727272727272,1516.0,65.0,102.0,8.0,,131.0
0.5517613066002763,0.16489361702127656,0.48797452360941274,0.1493624772313297,0.5575527571732506,0.09877183345045565,0.136986301369863,0.09803921568627451,0.22727272727272727,1351,230,85,25,0.15079834417504434,0.14545454545454545,0.09350649350649351,0.32727272727272727,1232.0,349.0,74.0,36.0,0.22767593140153755,baza_feature,core,baza_only,0.0,LightGBM_leaf7,boosting,proba,ok,,1.22,,,,,,,,,132.0
0.06902605346521014,0.16488549618320614,0.08645104391391396,0.16939890710382513,0.5599649243861767,0.10232925693130779,0.13134328358208955,0.07857142857142857,0.4,1065,516,66,44,0.33116499112950915,0.0,0.0,0.0,1579.0,2.0,110.0,0.0,0.0011827321111768185,baza_feature,engineered,baza_only,0.0,GradientBoosting_d2,boosting,proba,ok,,30.2,,,,,,,,,133.0
0.5816670656204224,0.16422287390029325,0.6155287623405457,0.16603773584905662,0.563276982347191,0.09018200649098965,0.1466275659824047,0.10822510822510822,0.22727272727272727,1375,206,85,25,0.13660555884092254,0.13722627737226278,0.0817391304347826,0.42727272727272725,1053.0,528.0,63.0,47.0,0.34003548196333533,baza_feature,encoded_no_ka,baza_only,0.0,XGBoost_d2,boosting,proba,ok,,1.665,,,,,,,,,134.0
0.5816670656204224,0.16422287390029325,0.6155287623405457,0.16603773584905662,0.563276982347191,0.09018200649098965,0.1466275659824047,0.10822510822510822,0.22727272727272727,1375,206,85,25,0.13660555884092254,0.13722627737226278,0.0817391304347826,0.42727272727272725,1053.0,528.0,63.0,47.0,0.34003548196333533,baza_feature,encoded_compact,baza_only,0.0,XGBoost_d2,boosting,proba,ok,,1.955,,,,,,,,,135.0
0.521791751352142,0.16420361247947454,0.5231591799572938,0.16666666666666669,0.5882812949226612,0.09493629102776438,0.1664050235478807,0.10056925996204934,0.4818181818181818,1107,474,57,53,0.3116499112950917,0.14206437291897892,0.08091024020227561,0.5818181818181818,854.0,727.0,46.0,64.0,0.4677705499704317,baza_feature,encoded_no_ka,baza_only,0.0,EasyEnsemble_10,imbalance_ensemble,proba,ok,,3.277,,,,,,,,,136.0
0.521791751352142,0.16420361247947454,0.5231591799572938,0.16666666666666669,0.5882812949226612,0.09493629102776438,0.1664050235478807,0.10056925996204934,0.4818181818181818,1107,474,57,53,0.3116499112950917,0.14206437291897892,0.08091024020227561,0.5818181818181818,854.0,727.0,46.0,64.0,0.4677705499704317,baza_feature,encoded_compact,baza_only,0.0,EasyEnsemble_10,imbalance_ensemble,proba,ok,,3.292,,,,,,,,,137.0
0.17378082450776516,0.16415410385259632,,,0.568475073313783,0.09195840018603671,0.14711033274956217,0.0911062906724512,0.38181818181818183,1162,419,68,42,,0.0,,,,,,,,auxiliary_transfer,common_schema,hf_all,0.05,LGBM_regularized,LGBM_regularized,proba,ok,,2.465,68283.0,0.0911062906724512,0.38181818181818183,1162.0,419.0,68.0,42.0,,138.0
0.2068763786313163,0.16356877323420074,,,0.5918952331665804,0.10952963521414691,0.15584415584415584,0.0979020979020979,0.38181818181818183,1194,387,68,42,,0.035398230088495575,,,,,,,,auxiliary_transfer,common_schema,cell_orange,0.1,LGBM_regularized,LGBM_regularized,proba,ok,,1.597,62943.0,0.0979020979020979,0.38181818181818183,1194.0,387.0,68.0,42.0,,139.0
0.3058176271195162,0.16338028169014085,,,0.517992064861135,0.0711373438174196,0.08441558441558442,0.06565656565656566,0.11818181818181818,1396,185,97,13,,0.0,,,,,,,,auxiliary_transfer,common_schema,cell_orange,0.5,LR_balanced,LR_balanced,proba,ok,,0.954,62943.0,0.06565656565656566,0.11818181818181818,1396.0,185.0,97.0,13.0,,140.0
0.06429415667695619,0.163265306122449,0.126399796299794,0.2,0.5590909090909091,0.10217995792716068,0.1371571072319202,0.07947976878612717,0.5,944,637,55,55,0.4092253104671792,0.017543859649122806,0.25,0.00909090909090909,1578.0,3.0,109.0,1.0,0.002365464222353637,baza_feature,encoded_no_ka,baza_only,0.0,GradientBoosting_d2,boosting,proba,ok,,39.766,,,,,,,,,141.0
0.06429415667695619,0.163265306122449,0.126399796299794,0.2,0.5590909090909091,0.10217995792716068,0.1371571072319202,0.07947976878612717,0.5,944,637,55,55,0.4092253104671792,0.017543859649122806,0.25,0.00909090909090909,1578.0,3.0,109.0,1.0,0.002365464222353637,baza_feature,encoded_compact,baza_only,0.0,GradientBoosting_d2,boosting,proba,ok,,20.438,,,,,,,,,142.0
0.22294526634210965,0.163265306122449,,,0.5497584957736761,0.09302702476409916,0.13725490196078433,0.08366533864541832,0.38181818181818183,1121,460,68,42,,0.016666666666666666,,,,,,,,auxiliary_transfer,common_schema,all_kdd,0.05,LGBM_balanced,LGBM_balanced,proba,ok,,2.617,111240.0,0.08366533864541832,0.38181818181818183,1121.0,460.0,68.0,42.0,,143.0
0.16579046921827795,0.1629881154499151,,,0.5357081248921856,0.07926657864985887,0.1317157712305026,0.08137044967880086,0.34545454545454546,1152,429,72,38,,0.0,,,,,,,,auxiliary_transfer,common_schema,hf_all,0.1,LGBM_balanced,LGBM_balanced,proba,ok,,1.695,68283.0,0.08137044967880086,0.34545454545454546,1152.0,429.0,72.0,38.0,,144.0
0.16624815841828722,0.1624815361890694,,,0.5560203553562187,0.09054420053370782,0.1402002861230329,0.0831918505942275,0.44545454545454544,1041,540,61,49,,0.0,,,,,,,,auxiliary_transfer,common_schema,hf_all,0.5,LGBM_balanced,LGBM_balanced,proba,ok,,1.771,68283.0,0.0831918505942275,0.44545454545454544,1041.0,540.0,61.0,49.0,,145.0
0.5255969166755676,0.16045845272206302,,,0.5810160427807487,0.08694342162710994,0.1381294964028777,0.08205128205128205,0.43636363636363634,1044,537,62,48,,0.13533834586466165,,,,,,,,auxiliary_transfer,common_schema,hf_all,0.5,XGB_weighted,XGB_weighted,proba,ok,,1.884,68283.0,0.08205128205128205,0.43636363636363634,1044.0,537.0,62.0,48.0,,146.0
0.5115988254547119,0.16039279869067102,,,0.5610229429015008,0.08933735303734026,0.14507772020725387,0.08955223880597014,0.38181818181818183,1154,427,68,42,,0.13190184049079753,,,,,,,,auxiliary_transfer,common_schema,baza_only,0.05,XGB_weighted,XGB_weighted,proba,ok,,0.243,0.0,0.08955223880597014,0.38181818181818183,1154.0,427.0,68.0,42.0,,147.0
0.5163717269897461,0.16037735849056603,0.6020838022232056,0.2,0.5785176240584211,0.09863251408688223,0.14984709480122324,0.0900735294117647,0.44545454545454544,1086,495,61,49,0.3217031342400946,0.14654002713704206,0.0861244019138756,0.4909090909090909,1008.0,573.0,56.0,54.0,0.3707865168539326,baza_feature,encoded_no_ka,baza_only,0.0,XGBoost_d1,boosting,proba,ok,,1.388,,,,,,,,,148.0
0.5163717269897461,0.16037735849056603,0.6020838022232056,0.2,0.5785176240584211,0.09863251408688223,0.14984709480122324,0.0900735294117647,0.44545454545454544,1086,495,61,49,0.3217031342400946,0.14654002713704206,0.0861244019138756,0.4909090909090909,1008.0,573.0,56.0,54.0,0.3707865168539326,baza_feature,encoded_compact,baza_only,0.0,XGBoost_d1,boosting,proba,ok,,1.318,,,,,,,,,149.0
0.17127717818407015,0.15986394557823128,,,0.5881030418032316,0.112215277409348,0.1598639455782313,0.09832635983263599,0.42727272727272725,1150,431,63,47,,0.017699115044247787,,,,,,,,auxiliary_transfer,common_schema,all,0.5,LGBM_balanced,LGBM_balanced,proba,ok,,1.544,61240.0,0.09832635983263599,0.42727272727272725,1150.0,431.0,63.0,47.0,,150.0
0.24302885550232003,0.1592920353982301,,,0.5436863895118165,0.08522390966553349,0.12444444444444444,0.12173913043478261,0.12727272727272726,1480,101,96,14,,0.0,,,,,,,,auxiliary_transfer,common_schema,hf_all,0.25,LGBM_balanced,LGBM_balanced,proba,ok,,1.9,68283.0,0.12173913043478261,0.12727272727272726,1480.0,101.0,96.0,14.0,,151.0
0.1592359834943159,0.15895953757225434,,,0.5824909435915129,0.11484845091257215,0.13544668587896252,0.08047945205479452,0.42727272727272725,1044,537,63,47,,0.018018018018018018,,,,,,,,auxiliary_transfer,common_schema,cell,0.05,LGBM_regularized,LGBM_regularized,proba,ok,,1.38,51047.0,0.08047945205479452,0.42727272727272725,1044.0,537.0,63.0,47.0,,152.0
0.17343850388659077,0.15830115830115832,,,0.5676873095279168,0.10372893822247908,0.1511627906976744,0.0960591133004926,0.35454545454545455,1214,367,71,39,,0.017391304347826087,,,,,,,,auxiliary_transfer,common_schema,all,0.05,LGBM_balanced,LGBM_balanced,proba,ok,,1.817,61240.0,0.0960591133004926,0.35454545454545455,1214.0,367.0,71.0,39.0,,153.0
0.5547001361846924,0.1580547112462006,,,0.5797625208441148,0.09481397905993126,0.1605351170568562,0.12698412698412698,0.21818181818181817,1416,165,86,24,,0.13990825688073394,,,,,,,,auxiliary_transfer,common_schema,all,0.25,XGB_weighted,XGB_weighted,proba,ok,,1.412,61240.0,0.12698412698412698,0.21818181818181817,1416.0,165.0,86.0,24.0,,154.0
0.5217236876487732,0.15723270440251572,,,0.5778707377379104,0.09112503328670896,0.14263565891472868,0.08598130841121496,0.41818181818181815,1092,489,64,46,,0.14446952595936793,,,,,,,,auxiliary_transfer,common_schema,cell,0.5,XGB_weighted,XGB_weighted,proba,ok,,3.232,51047.0,0.08598130841121496,0.41818181818181815,1092.0,489.0,64.0,46.0,,155.0
0.5200188159942627,0.15706806282722516,,,0.5714766258409523,0.09377975849167593,0.14189189189189189,0.08713692946058091,0.38181818181818183,1141,440,68,42,,0.13375130616509928,,,,,,,,auxiliary_transfer,common_schema,hf_all,0.25,XGB_weighted,XGB_weighted,proba,ok,,1.611,68283.0,0.08713692946058091,0.38181818181818183,1141.0,440.0,68.0,42.0,,156.0
0.5228628516197205,0.15686274509803924,,,0.5829509516416538,0.09165546387726015,0.1565217391304348,0.0967741935483871,0.4090909090909091,1161,420,65,45,,0.15762273901808785,,,,,,,,auxiliary_transfer,common_schema,cell_orange,0.1,XGB_weighted,XGB_weighted,proba,ok,,1.341,62943.0,0.0967741935483871,0.4090909090909091,1161.0,420.0,65.0,45.0,,157.0
0.16410899686801225,0.15673981191222572,,,0.5657006497613708,0.11448605823371132,0.14469453376205788,0.087890625,0.4090909090909091,1114,467,65,45,,0.017857142857142856,,,,,,,,auxiliary_transfer,common_schema,all,0.25,LGBM_balanced,LGBM_balanced,proba,ok,,1.587,61240.0,0.087890625,0.4090909090909091,1114.0,467.0,65.0,45.0,,158.0
0.25602042833874256,0.15668202764976955,,,0.5432436317635558,0.09778244568750105,0.13986013986013987,0.09404388714733543,0.2727272727272727,1292,289,80,30,,0.046875,,,,,,,,auxiliary_transfer,common_schema,ibm_cell_kdd,0.05,LGBM_balanced,LGBM_balanced,proba,ok,,2.585,108090.0,0.09404388714733543,0.2727272727272727,1292.0,289.0,80.0,30.0,,159.0
0.12709698352525906,0.15617715617715616,,,0.5429072508768903,0.09982482531645559,0.12557077625570776,0.07180156657963446,0.5,870,711,55,55,,0.03361344537815126,,,,,,,,auxiliary_transfer,common_schema,cell,0.05,LGBM_balanced,LGBM_balanced,proba,ok,,1.409,51047.0,0.07180156657963446,0.5,870.0,711.0,55.0,55.0,,160.0
0.2141040000828253,0.15598885793871867,,,0.540932091311598,0.09908842921770239,0.12885154061624648,0.076158940397351,0.41818181818181815,1023,558,64,46,,0.04878048780487805,,,,,,,,auxiliary_transfer,common_schema,ibm_cell_kdd,0.1,LGBM_balanced,LGBM_balanced,proba,ok,,2.496,108090.0,0.076158940397351,0.41818181818181815,1023.0,558.0,64.0,46.0,,161.0
0.3122066594620104,0.1554959785522788,,,0.5367316428037491,0.0721884779710511,0.09411764705882353,0.06956521739130435,0.14545454545454545,1367,214,94,16,,0.0,,,,,,,,auxiliary_transfer,common_schema,hf_all_orange,0.1,LR_balanced,LR_balanced,proba,ok,,1.977,80179.0,0.06956521739130435,0.14545454545454545,1367.0,214.0,94.0,16.0,,162.0
0.48831504583358765,0.15538847117794483,,,0.5775286067506182,0.09182756503065756,0.14814814814814814,0.08571428571428572,0.5454545454545454,941,640,50,60,,0.15384615384615385,,,,,,,,auxiliary_transfer,common_schema,cell_orange,0.05,XGB_weighted,XGB_weighted,proba,ok,,1.272,62943.0,0.08571428571428572,0.5454545454545454,941.0,640.0,50.0,60.0,,163.0
0.24000657097933867,0.15450643776824036,,,0.5475274567304929,0.10576801845239402,0.1504424778761062,0.14655172413793102,0.15454545454545454,1482,99,93,17,,0.017857142857142856,,,,,,,,auxiliary_transfer,common_schema,cell,0.25,LGBM_balanced,LGBM_balanced,proba,ok,,3.899,51047.0,0.14655172413793102,0.15454545454545454,1482.0,99.0,93.0,17.0,,164.0
0.15495669343020038,0.152990264255911,,,0.5658415272267265,0.10585792044347009,0.14697406340057637,0.08732876712328767,0.4636363636363636,1048,533,59,51,,0.017699115044247787,,,,,,,,auxiliary_transfer,common_schema,all,0.1,LGBM_balanced,LGBM_balanced,proba,ok,,1.428,61240.0,0.08732876712328767,0.4636363636363636,1048.0,533.0,59.0,51.0,,165.0
0.20083466854814364,0.15139442231075698,,,0.5344689782071186,0.10014862243272066,0.13441955193482688,0.08661417322834646,0.3,1233,348,77,33,,0.03278688524590164,,,,,,,,auxiliary_transfer,common_schema,cell_orange,0.05,LGBM_balanced,LGBM_balanced,proba,ok,,1.466,62943.0,0.08661417322834646,0.3,1233.0,348.0,77.0,33.0,,166.0
0.4917394050510738,0.1512605042016807,,,0.553596687942039,0.09823217452453264,0.1357615894039735,0.08299595141700405,0.37272727272727274,1128,453,69,41,,0.1349911190053286,,,,,,,,auxiliary_transfer,common_schema,baza_only,0.05,LGBM_regularized,LGBM_regularized,proba,ok,,0.376,0.0,0.08299595141700405,0.37272727272727274,1128.0,453.0,69.0,41.0,,167.0
0.1439494320312627,0.14864864864864863,,,0.5552182163187855,0.10081464550685776,0.13709677419354838,0.0804416403785489,0.4636363636363636,998,583,59,51,,0.017241379310344827,,,,,,,,auxiliary_transfer,common_schema,cell,0.1,LGBM_balanced,LGBM_balanced,proba,ok,,1.418,51047.0,0.0804416403785489,0.4636363636363636,998.0,583.0,59.0,51.0,,168.0
0.46416494250297546,0.14823529411764708,0.621945321559906,0.16,0.5672618020815364,0.10075913008995149,0.1425287356321839,0.08157894736842106,0.5636363636363636,883,698,48,62,0.449438202247191,0.14219474497681608,0.0856610800744879,0.41818181818181815,1090.0,491.0,64.0,46.0,0.3175635718509758,baza_feature,engineered,baza_only,0.0,XGBoost_d2,boosting,proba,ok,,1.773,,,,,,,,,169.0
0.5024716431164321,0.14678899082568808,0.5240822849194188,0.1473684210526316,0.5495284917486056,0.08405893532091083,0.1360544217687075,0.09063444108761329,0.2727272727272727,1280,301,80,30,0.19574216439976344,0.13392857142857142,0.08875739644970414,0.2727272727272727,1273.0,308.0,80.0,30.0,0.19988172678888233,baza_feature,encoded_no_ka,baza_only,0.0,LightGBM_leaf7,boosting,proba,ok,,1.741,,,,,,,,,170.0
0.5024716431164321,0.14678899082568808,0.5240822849194188,0.1473684210526316,0.5495284917486056,0.08405893532091083,0.1360544217687075,0.09063444108761329,0.2727272727272727,1280,301,80,30,0.19574216439976344,0.13392857142857142,0.08875739644970414,0.2727272727272727,1273.0,308.0,80.0,30.0,0.19988172678888233,baza_feature,encoded_compact,baza_only,0.0,LightGBM_leaf7,boosting,proba,ok,,1.918,,,,,,,,,171.0
0.20558829350307659,0.1366223908918406,,,0.5203611063193606,0.0681274183478287,0.1271889400921659,0.07076923076923076,0.6272727272727273,675,906,41,69,,0.0,,,,,,,,auxiliary_transfer,common_schema,hf_all_orange,0.25,LR_balanced,LR_balanced,proba,ok,,1.571,80179.0,0.07076923076923076,0.6272727272727273,675.0,906.0,41.0,69.0,,172.0
0.1903486574187626,0.13556174558960077,,,0.5111321948134093,0.06683529106194266,0.12599822537710736,0.06981317600786627,0.6454545454545455,635,946,39,71,,0.0,,,,,,,,auxiliary_transfer,common_schema,hf_all_orange,0.5,LR_balanced,LR_balanced,proba,ok,,1.403,80179.0,0.06981317600786627,0.6454545454545455,635.0,946.0,39.0,71.0,,173.0
0.35833214808112646,0.13318025258323768,0.46325169149236917,0.15327102803738318,0.5497268702202289,0.09001221489684604,0.13137032842582105,0.07503234152652005,0.5272727272727272,866,715,52,58,0.4571259609698403,0.14018691588785046,0.09433962264150944,0.2727272727272727,1293.0,288.0,80.0,30.0,0.18805440567711412,baza_feature,engineered,baza_only,0.0,LightGBM_leaf7,boosting,proba,ok,,1.989,,,,,,,,,174.0
