feature_set,model,family,preprocessor,sampler,score_type,train_seconds,status,error,val_best_threshold,val_best_f1,test_oracle_threshold,test_oracle_f1,test_roc_auc,test_average_precision,test_default_f1,test_default_precision,test_default_recall,test_default_tn,test_default_fp,test_default_fn,test_default_tp,test_default_pred_pos_rate,test_tuned_f1,test_tuned_precision,test_tuned_recall,test_tuned_tn,test_tuned_fp,test_tuned_fn,test_tuned_tp,test_tuned_pred_pos_rate
core,LogReg_L1_balanced,linear,onehot,none,proba,13.687,ok,,0.5379093952865422,0.19238476953907813,0.5528696079383031,0.17098445595854922,0.5716462538094417,0.08277302367088601,0.1403091557669441,0.08071135430916553,0.5363636363636364,909,672,51,59,0.43228858663512715,0.15841584158415842,0.10126582278481013,0.36363636363636365,1226,355,70,40,0.23358959195742166
core,LinearSVC_calibrated,svm,onehot,none,proba,0.363,ok,,0.06672295734629452,0.183206106870229,0.06684646716668805,0.16279069767441862,0.5824219423839918,0.08261003526500099,0.0,0.0,0.0,1581,0,110,0,0.0,0.1575984990619137,0.09929078014184398,0.38181818181818183,1200,381,68,42,0.25014784151389713
core,SVC_rbf_balanced,svm,onehot,none,decision,9.647,ok,,0.6798721634133826,0.1844380403458213,0.6935007549784082,0.1547277936962751,0.5787821286872521,0.09123223141179129,0.14173228346456693,0.08282208588957055,0.4909090909090909,983,598,56,54,0.38557066824364283,0.1529745042492918,0.1111111111111111,0.24545454545454545,1365,216,83,27,0.14370195150798346
core,LogReg_L2_balanced,linear,onehot,none,proba,0.332,ok,,0.539489279778237,0.19472616632860038,0.5549179176445002,0.16358839050131924,0.5709734920361107,0.08269976309215234,0.13964497041420118,0.08027210884353742,0.5363636363636364,905,676,51,59,0.43465405085748077,0.1494949494949495,0.09610389610389611,0.33636363636363636,1233,348,73,37,0.22767593140153755
core,Ridge_balanced,linear,onehot,none,decision,0.228,ok,,0.07336952831444676,0.19560878243512975,0.09470805826197876,0.16625916870415647,0.5780978667126675,0.08331239693966123,0.13931523022432113,0.08005427408412483,0.5363636363636364,903,678,51,59,0.4358367829686576,0.14741035856573706,0.09438775510204081,0.33636363636363636,1226,355,73,37,0.2318154937906564
core,LogReg_SMOTE,linear_resampled,onehot,smote,proba,5.127,ok,,0.5427581973966231,0.18613861386138614,0.5375482757187301,0.14946619217081852,0.5592087861537577,0.07670010632517886,0.14065934065934066,0.08,0.5818181818181818,845,736,46,64,0.47309284447072736,0.1470019342359768,0.09336609336609336,0.34545454545454546,1212,369,72,38,0.24068598462448257
core,LogReg_ROS,linear_resampled,onehot,ros,proba,0.331,ok,,0.5063141869599364,0.17475728155339804,0.5517906965288597,0.171990171990172,0.5753205681099419,0.08359053723807547,0.1431980906921241,0.08241758241758242,0.5454545454545454,913,668,50,60,0.43051448846836193,0.14596670934699105,0.08494783904619971,0.5181818181818182,967,614,53,57,0.3968066232998226
core,EasyEnsemble_10,imbalance_ensemble,ordinal,none,proba,19.018,ok,,0.510439141128466,0.18077474892395984,0.5127871770010344,0.1469740634005764,0.5659335288367546,0.0811527165819512,0.1420389461626575,0.08125819134993446,0.5636363636363636,880,701,48,62,0.4512123004139562,0.14225941422594143,0.08401976935749589,0.4636363636363636,1025,556,59,51,0.3589591957421644
core,AdaBoost_tree,boosting,ordinal,none,proba,5.45,ok,,0.16162607399493167,0.1739130434782609,0.15792583037279603,0.1423948220064725,0.5521879132884825,0.07513909361250216,0.0,0.0,0.0,1581,0,110,0,0.0,0.14093959731543623,0.08641975308641975,0.38181818181818183,1137,444,68,42,0.2874039030159669
full,BernoulliNB,bayes,onehot,none,proba,0.272,ok,,0.14458829170665774,0.19724770642201836,0.07000561899185676,0.15491009681881054,0.566971421999885,0.08179159723536253,0.0,0.0,0.0,1576,5,110,0,0.0029568302779420462,0.1405152224824356,0.0946372239747634,0.2727272727272727,1294,287,80,30,0.18746303962152572
full,LightGBM_balanced,boosting,ordinal,none,proba,3.257,ok,,0.2273919396034144,0.15193798449612403,0.2519673229945325,0.14360770577933452,0.5511500201253522,0.08850993359530218,0.08461538461538462,0.07333333333333333,0.1,1442,139,99,11,0.08870490833826139,0.13848631239935588,0.08414872798434442,0.39090909090909093,1113,468,67,43,0.3021880544056771
core,EasyEnsemble_30,imbalance_ensemble,ordinal,none,proba,5.5,ok,,0.5323217803762954,0.18117229129662524,0.5217717142096333,0.14411764705882352,0.5656345236041631,0.08366977588181417,0.14285714285714285,0.08125,0.5909090909090909,846,735,45,65,0.47309284447072736,0.13636363636363635,0.08441558441558442,0.35454545454545455,1158,423,71,39,0.2732111176818451
full,EasyEnsemble_10,imbalance_ensemble,ordinal,none,proba,2.578,ok,,0.5174822967423978,0.1697530864197531,0.5011475890799529,0.15277777777777776,0.5690845839802197,0.08541720581094889,0.15260115606936417,0.08741721854304636,0.6,892,689,44,66,0.446481371969249,0.13333333333333333,0.08,0.4,1075,506,66,44,0.3252513305736251
full,SVC_rbf_balanced,svm,onehot,none,decision,13.403,ok,,-0.49755555691736686,0.14708691499522444,-0.2577244392551521,0.14035087719298245,0.5404577080098902,0.07143702618986716,0.11783960720130933,0.0718562874251497,0.32727272727272727,1116,465,74,36,0.29627439384979304,0.13333333333333333,0.07486033519553073,0.6090909090909091,753,828,43,67,0.5292726197516262
full,Stacking_LR_RF_XGB,ensemble,ordinal,none,proba,6.685,ok,,0.509078830610473,0.18057455540355677,0.5254262143783343,0.14320987654320988,0.542820999367489,0.07536254994681527,0.12748171368861025,0.07201889020070838,0.5545454545454546,795,786,49,61,0.5008870490833827,0.13245033112582782,0.07751937984496124,0.45454545454545453,986,595,60,50,0.38143110585452394
core,RUSBoost,imbalance_ensemble,ordinal,none,proba,0.147,ok,,0.8807970779778823,0.16867469879518074,0.12829069692677805,0.1330603889457523,0.5485826001955034,0.07290067497258486,0.13131313131313133,0.08057851239669421,0.35454545454545455,1136,445,71,39,0.28622117090479005,0.13131313131313133,0.08057851239669421,0.35454545454545455,1136,445,71,39,0.28622117090479005
core,BalancedRF_d6,imbalance_ensemble,ordinal,none,proba,4.781,ok,,0.5299479719967526,0.1769547325102881,0.5067932419415104,0.1435114503816794,0.5475245816801794,0.10111511291586844,0.14040114613180515,0.08333333333333333,0.44545454545454544,1042,539,61,49,0.34772324068598465,0.1308016877637131,0.08516483516483517,0.2818181818181818,1248,333,79,31,0.21525724423418097
full,Voting_LR_RF_XGB_LGBM,ensemble,ordinal,none,proba,5.629,ok,,0.45978370117627504,0.20235294117647057,0.3893673572949585,0.14303329223181258,0.5421769880972918,0.10347075810355644,0.09966777408637874,0.07853403141361257,0.13636363636363635,1405,176,95,15,0.11295091661738617,0.13053613053613053,0.0877742946708464,0.2545454545454545,1290,291,82,28,0.18864577173270256
full,EasyEnsemble_30,imbalance_ensemble,ordinal,none,proba,5.831,ok,,0.5361049275119878,0.17564870259481036,0.5028455545586972,0.1552723059096176,0.5715485020987867,0.0876720215434651,0.15090090090090091,0.08611825192802057,0.6090909090909091,870,711,43,67,0.4600827912477824,0.12903225806451613,0.08290155440414508,0.2909090909090909,1227,354,78,32,0.22826729745712596
core,BalancedBagging_DT,imbalance_ensemble,ordinal,none,proba,1.069,ok,,0.5222301587301587,0.1560798548094374,0.39461832611832615,0.13831775700934582,0.5512535219366339,0.10044896466975027,0.11478260869565217,0.07096774193548387,0.3,1149,432,77,33,0.2749852158486103,0.12749003984063745,0.08163265306122448,0.2909090909090909,1221,360,78,32,0.2318154937906564
full,LogReg_ROS,linear_resampled,onehot,ros,proba,0.753,ok,,0.5357242616266121,0.15333333333333335,0.5001553434620323,0.14720812182741116,0.5629003507561382,0.08103469427147747,0.1468354430379747,0.08529411764705883,0.5272727272727272,959,622,52,58,0.4021289178001183,0.1273031825795645,0.07802874743326489,0.34545454545454546,1132,449,72,38,0.2879952690715553
full,XGBoost_RUS,boosting_resampled,ordinal,rus,proba,0.696,ok,,0.610209047794342,0.16129032258064518,0.6013228893280029,0.13084112149532712,0.5274883560462309,0.0822285317651523,0.11610076670317634,0.0660024906600249,0.4818181818181818,831,750,57,53,0.47486694263749263,0.12648221343873517,0.08080808080808081,0.2909090909090909,1217,364,78,32,0.23418095801301006
full,AdaBoost_tree,boosting,ordinal,none,proba,6.792,ok,,0.1721844025922106,0.16634429400386846,0.16311665424409533,0.14890885750962773,0.5597550457133,0.08162535590979948,0.0,0.0,0.0,1581,0,110,0,0.0,0.125,0.07960199004975124,0.2909090909090909,1211,370,78,32,0.23772915434654052
full,BalancedRF_d6,imbalance_ensemble,ordinal,none,proba,5.052,ok,,0.5190858787806525,0.18181818181818182,0.49021282897753804,0.1345895020188425,0.5363205106089356,0.08699916807833258,0.1277860326894502,0.0763765541740675,0.39090909090909093,1061,520,67,43,0.3329390892962744,0.12427184466019417,0.07901234567901234,0.2909090909090909,1208,373,78,32,0.23950325251330573
core,LightGBM_SMOTENC,boosting_resampled,ordinal,smotenc,proba,3.791,ok,,0.038586185531920426,0.1297709923664122,0.047068838473775895,0.12907702984038863,0.5140733712839974,0.08326842701799014,0.05741626794258373,0.06060606060606061,0.05454545454545454,1488,93,104,6,0.058545239503252515,0.12368421052631579,0.06666666666666667,0.8545454545454545,265,1316,16,94,0.833826138379657
core,HistGradientBoosting_balanced,boosting,ordinal,none,proba,6.765,ok,,0.07849180527877272,0.13858497447118892,0.3799161182565405,0.13963039014373715,0.5141049968374447,0.09210192464976961,0.0943952802359882,0.06986899563318777,0.14545454545454545,1368,213,94,16,0.1354228267297457,0.12356979405034325,0.06744379683597003,0.7363636363636363,461,1120,29,81,0.7102306327616795
core,CatBoost_balanced,boosting,ordinal,none,proba,7.78,ok,,0.3936502326755716,0.1467304625199362,0.49611098846087737,0.13989637305699482,0.5460640561209821,0.09409899985128307,0.13829787234042554,0.09774436090225563,0.23636363636363636,1341,240,84,26,0.15730337078651685,0.12353923205342238,0.07566462167689161,0.33636363636363636,1129,452,73,37,0.2891780011827321
core,GaussianNB,bayes,onehot,none,proba,0.195,ok,,0.9999999999999964,0.12432755528989838,0.9999999999999218,0.12404016538688718,0.5043902018285321,0.06562798808107653,0.12145289443813848,0.06476997578692494,0.9727272727272728,36,1545,3,107,0.976936723832052,0.12296564195298372,0.065848934796643,0.9272727272727272,134,1447,8,102,0.9160260201064458
full,RUSBoost,imbalance_ensemble,ordinal,none,proba,0.308,ok,,0.4381499425860469,0.1617161716171617,0.12117419682020639,0.13306852035749753,0.5446380311655454,0.07165613450143497,0.056179775280898875,0.07352941176470588,0.045454545454545456,1518,63,105,5,0.04021289178001183,0.12271973466003316,0.07505070993914807,0.33636363636363636,1125,456,73,37,0.29154346540508574
full,RF_BorderlineSMOTE,forest_resampled,ordinal,borderline_smote,proba,3.358,ok,,0.42007408481082653,0.1466854724964739,0.2543041621187273,0.1292929292929293,0.49642343741015466,0.06480636892995485,0.08459214501510574,0.06334841628959276,0.12727272727272726,1374,207,96,14,0.13069189828503844,0.12268188302425106,0.0727580372250423,0.39090909090909093,1033,548,67,43,0.34949733885274986
full,GradientBoosting,boosting,ordinal,none,proba,6.975,ok,,0.07521035015436461,0.16593886462882093,0.06498746629287162,0.13183279742765275,0.5159536541889482,0.08310207077996416,0.0,0.0,0.0,1580,1,110,0,0.0005913660555884093,0.1222707423580786,0.08045977011494253,0.2545454545454545,1261,320,82,28,0.2057953873447664
core,DecisionTree_balanced,tree,ordinal,none,proba,0.236,ok,,0.0,0.12215435868961688,0.7554163126593032,0.14795918367346939,0.545851302397792,0.07841993134999377,0.13672496025437203,0.08285163776493257,0.39090909090909093,1105,476,67,43,0.3069189828503844,0.12215435868961688,0.06505026611472502,1.0,0,1581,0,110,1.0
full,GaussianNB,bayes,onehot,none,proba,0.28,ok,,0.0,0.12215435868961688,1.150995269452916e-56,0.12566059894304168,0.5084123972169513,0.06606609470556199,0.12352941176470589,0.0660377358490566,0.9545454545454546,96,1485,5,105,0.9402720283855707,0.12215435868961688,0.06505026611472502,1.0,0,1581,0,110,1.0
core,Dummy_prior,baseline,onehot,none,proba,0.188,ok,,0.06487872214553342,0.12215435868961688,0.06487872214553342,0.12215435868961688,0.5,0.06505026611472502,0.0,0.0,0.0,1581,0,110,0,0.0,0.12215435868961688,0.06505026611472502,1.0,0,1581,0,110,1.0
full,Dummy_prior,baseline,onehot,none,proba,0.283,ok,,0.06487872214553342,0.12215435868961688,0.06487872214553342,0.12215435868961688,0.5,0.06505026611472502,0.0,0.0,0.0,1581,0,110,0,0.0,0.12215435868961688,0.06505026611472502,1.0,0,1581,0,110,1.0
core,Dummy_stratified,baseline,onehot,none,proba,0.218,ok,,0.0,0.12215435868961688,0.0,0.12215435868961688,0.497030073026278,0.06471800753290996,0.06167400881057269,0.05982905982905983,0.06363636363636363,1471,110,103,7,0.06918982850384388,0.12215435868961688,0.06505026611472502,1.0,0,1581,0,110,1.0
full,Dummy_stratified,baseline,onehot,none,proba,0.211,ok,,0.0,0.12215435868961688,0.0,0.12215435868961688,0.497030073026278,0.06471800753290996,0.06167400881057269,0.05982905982905983,0.06363636363636363,1471,110,103,7,0.06918982850384388,0.12215435868961688,0.06505026611472502,1.0,0,1581,0,110,1.0
full,SGD_log_balanced,linear,onehot,none,proba,0.484,ok,,0.005381512845114529,0.12304250559284116,0.16346912541360994,0.12704174228675136,0.48922431142545003,0.06196805262205019,0.11169652265542676,0.0631704410011919,0.4818181818181818,795,786,57,53,0.4961561206386753,0.1218557853549469,0.06491959499702203,0.990909090909091,11,1570,1,109,0.9929036073329391
core,PassiveAggressive_balanced,linear,onehot,none,decision,0.18,ok,,-119.30288419293659,0.1226993865030675,-262.25468130142724,0.1222222222222222,0.4302282789948824,0.05583550883971036,0.08620689655172414,0.05649717514124294,0.18181818181818182,1247,334,90,20,0.20934358367829686,0.12151616499442586,0.06472684085510688,0.990909090909091,6,1575,1,109,0.9958604376108812
full,MLP_64_32,neural_net,onehot,none,proba,1.112,ok,,0.016466425474512214,0.12304250559284116,0.26818585273829887,0.12435233160621763,0.46572940026450466,0.061474526673882215,0.0,0.0,0.0,1581,0,110,0,0.0,0.12114413909141895,0.06455469216975493,0.9818181818181818,16,1565,2,108,0.9893554109994086
core,MLP_64_32,neural_net,onehot,none,proba,0.771,ok,,0.01595140867017693,0.12311135982092893,0.0003942657611328063,0.12235817575083427,0.49143810016675293,0.0715328088462159,0.0,0.0,0.0,1581,0,110,0,0.0,0.12100840336134454,0.06447761194029851,0.9818181818181818,14,1567,2,108,0.9905381431105854
core,SGD_log_balanced,linear,onehot,none,proba,0.342,ok,,0.3872450188716163,0.12466124661246612,0.4153404439249612,0.1256391526661797,0.48498073716290035,0.06333866550297954,0.10384215991692627,0.05861664712778429,0.45454545454545453,778,803,60,50,0.5044352454169131,0.12096219931271478,0.0654275092936803,0.8,324,1257,22,88,0.7953873447664104
core,XGBoost_SMOTENC,boosting_resampled,ordinal,smotenc,proba,1.413,ok,,0.43912094831466675,0.14285714285714288,0.37350210547447205,0.13280212483399734,0.5192858375021563,0.08333012341098153,0.09195402298850575,0.07947019867549669,0.10909090909090909,1442,139,98,12,0.0892962743938498,0.11839323467230443,0.07713498622589532,0.2545454545454545,1246,335,82,28,0.21466587817859256
full,HistGradientBoosting_balanced,boosting,ordinal,none,proba,13.671,ok,,0.38156403832101093,0.15776081424936386,0.1463880952170499,0.14612868047982552,0.5348484848484849,0.08609981780181487,0.07936507936507936,0.07042253521126761,0.09090909090909091,1449,132,100,10,0.08397397989355411,0.11827956989247312,0.08396946564885496,0.2,1341,240,88,22,0.15493790656416323
core,LightGBM_leaf15,boosting,ordinal,none,proba,2.094,ok,,0.36151315674606427,0.14957780458383593,0.3555019496277302,0.1278648974668275,0.5158645276292335,0.07809497059438794,0.11210762331838565,0.0744047619047619,0.22727272727272727,1270,311,85,25,0.1986989946777055,0.11794228356336262,0.06841339155749636,0.42727272727272725,941,640,63,47,0.4062684801892371
full,LightGBM_leaf15,boosting,ordinal,none,proba,2.563,ok,,0.3129536252091417,0.1475770925110132,0.49598425941064905,0.14758269720101783,0.5454689207061123,0.09936312294471274,0.13157894736842105,0.09259259259259259,0.22727272727272727,1336,245,85,25,0.1596688350088705,0.11764705882352941,0.0677731673582296,0.44545454545454544,907,674,61,49,0.42755765819041985
core,XGBoost_RUS,boosting_resampled,ordinal,rus,proba,0.93,ok,,0.5647158026695251,0.15197568389057753,0.445597380399704,0.13529921942758022,0.5393364383876718,0.0820391508041943,0.12987012987012986,0.07371007371007371,0.5454545454545454,827,754,50,60,0.48137196924896514,0.11678832116788321,0.06956521739130435,0.36363636363636365,1046,535,70,40,0.34003548196333533
core,BernoulliNB,bayes,onehot,none,proba,0.232,ok,,0.2193172595591996,0.1827676240208877,0.17199139045368364,0.15384615384615383,0.559884422977402,0.08683811480720638,0.0,0.0,0.0,1581,0,110,0,0.0,0.11570247933884298,0.08300395256916997,0.19090909090909092,1349,232,89,21,0.14961561206386753
core,Voting_LR_RF_XGB_LGBM,ensemble,ordinal,none,proba,4.839,ok,,0.4057940334516244,0.15820543093270367,0.5564368651735819,0.1278538812785388,0.5120292105111839,0.09808927563205289,0.10497237569060773,0.07539682539682539,0.17272727272727273,1348,233,91,19,0.14902424600827913,0.11538461538461539,0.0664819944598338,0.43636363636363634,907,674,62,48,0.42696629213483145
full,KNN_5,neighbors,onehot,none,proba,0.61,ok,,0.17602228129502048,0.15859030837004406,0.0,0.12215435868961688,0.5124029670519233,0.0659203789255948,0.0,0.0,0.0,1560,21,110,0,0.012418687167356593,0.11479028697571744,0.07580174927113703,0.23636363636363636,1264,317,84,26,0.20283855706682435
full,RandomForest_balanced_deep,forest,ordinal,none,proba,6.008,ok,,0.2802428059379448,0.16907216494845362,0.15181386676121625,0.1298076923076923,0.5335345868552699,0.08385847662133578,0.046153846153846156,0.15,0.02727272727272727,1564,17,107,3,0.011827321111768185,0.11441647597254005,0.0764525993883792,0.22727272727272727,1279,302,85,25,0.19337670017740982
core,RandomForest_balanced_d6,forest,ordinal,none,proba,3.422,ok,,0.5316511429401407,0.1935483870967742,0.5190159707291319,0.13180515759312322,0.5163331608303146,0.09006657223784938,0.1228813559322034,0.08011049723756906,0.2636363636363636,1248,333,81,29,0.21407451212300413,0.1111111111111111,0.0898876404494382,0.14545454545454545,1419,162,94,16,0.10526315789473684
core,XGBoost_d3_weighted,boosting,ordinal,none,proba,2.369,ok,,0.4900530278682709,0.16167664670658685,0.5276490449905396,0.13043478260869565,0.5153700189753321,0.08857162324369644,0.11745513866231648,0.07157057654075547,0.32727272727272727,1114,467,74,36,0.29745712596096985,0.1111111111111111,0.06654676258992806,0.33636363636363636,1062,519,73,37,0.3287995269071555
core,QDA,discriminant,onehot,none,proba,0.254,ok,,0.22688152695329117,0.1857142857142857,0.2008191381998092,0.1301989150090416,0.5147375079063884,0.07066683032384878,0.030303030303030304,0.09090909090909091,0.01818181818181818,1561,20,108,2,0.013010053222945003,0.1111111111111111,0.0756578947368421,0.20909090909090908,1300,281,87,23,0.1797752808988764
full,PassiveAggressive_balanced,linear,onehot,none,decision,0.33,ok,,-11.829622159398461,0.14536340852130325,-33.887028067977056,0.12362301101591187,0.4939278937381404,0.06536354690838882,0.07973421926910298,0.06282722513089005,0.10909090909090909,1402,179,98,12,0.11295091661738617,0.11083123425692695,0.06432748538011696,0.4,941,640,66,44,0.4044943820224719
full,QDA,discriminant,onehot,none,proba,0.562,ok,,0.40520564240324847,0.19596541786743513,0.3117481007618731,0.1386138613861386,0.5264447127824736,0.0712806341876721,0.05581395348837209,0.05714285714285714,0.05454545454545454,1482,99,104,6,0.06209343583678297,0.11076923076923077,0.08372093023255814,0.16363636363636364,1384,197,92,18,0.12714370195150798
core,LightGBM_balanced,boosting,ordinal,none,proba,2.884,ok,,0.29575869846405534,0.1494435612082671,0.48697382310007964,0.12941176470588237,0.49891610603185566,0.08750033223148102,0.11009174311926606,0.08294930875576037,0.16363636363636364,1382,199,92,18,0.1283264340626848,0.10963455149501661,0.06707317073170732,0.3,1122,459,77,33,0.29095209934949734
full,CatBoost_balanced,boosting,ordinal,none,proba,7.367,ok,,0.5320756751945517,0.1732851985559567,0.3388189295403763,0.13993174061433447,0.5431372549019609,0.08437907597255663,0.10996563573883161,0.08839779005524862,0.14545454545454545,1416,165,94,16,0.10703725606150206,0.10894941634241245,0.09523809523809523,0.12727272727272726,1448,133,96,14,0.08693081017149616
core,RF_BorderlineSMOTE,forest_resampled,ordinal,borderline_smote,proba,3.506,ok,,0.5839552380168243,0.17161716171617164,0.5749382768115981,0.12844036697247704,0.5175665574147548,0.08503275012816378,0.12140575079872204,0.07364341085271318,0.34545454545454546,1103,478,72,38,0.30514488468361917,0.10869565217391304,0.09036144578313253,0.13636363636363635,1430,151,95,15,0.09816676522767594
core,XGBoost_d6_weighted,boosting,ordinal,none,proba,1.543,ok,,0.387654572725296,0.145985401459854,0.20351752638816833,0.1397129186602871,0.5258179518141568,0.08593348543799059,0.10119047619047619,0.0752212389380531,0.15454545454545454,1372,209,93,17,0.1336487285629805,0.10852713178294573,0.06896551724137931,0.2545454545454545,1203,378,82,28,0.24009461856889414
full,XGBoost_d3_weighted,boosting,ordinal,none,proba,0.683,ok,,0.5455610752105713,0.1930693069306931,0.4404199421405792,0.12977983777520277,0.5188718302570295,0.08905974100254066,0.10948905109489052,0.0684931506849315,0.2727272727272727,1173,408,80,30,0.25901833234772326,0.10840108401084012,0.07722007722007722,0.18181818181818182,1342,239,90,20,0.153163808397398
core,RandomForest_balanced_deep,forest,ordinal,none,proba,5.182,ok,,0.2748148513599222,0.13513513513513514,0.08533173358012798,0.12944162436548223,0.5234719107584382,0.08480140716380992,0.0975609756097561,0.14814814814814814,0.07272727272727272,1535,46,102,8,0.0319337670017741,0.10839160839160839,0.0670995670995671,0.2818181818181818,1150,431,79,31,0.2732111176818451
core,GradientBoosting,boosting,ordinal,none,proba,5.753,ok,,0.05271671556855908,0.1388888888888889,0.0924395477244246,0.13377926421404684,0.5050744638031166,0.08012820722340874,0.0,0.0,0.0,1578,3,110,0,0.0017740981667652277,0.10825688073394496,0.06020408163265306,0.5363636363636364,660,921,51,59,0.5795387344766411
full,XGBoost_d6_weighted,boosting,ordinal,none,proba,2.173,ok,,0.46447694301605225,0.16129032258064516,0.24332880973815918,0.13058419243986252,0.5216290035075614,0.080792415884198,0.1,0.07894736842105263,0.13636363636363635,1406,175,95,15,0.11235955056179775,0.10644257703081232,0.07692307692307693,0.17272727272727273,1353,228,91,19,0.14606741573033707
core,BalancedRF_deep,imbalance_ensemble,ordinal,none,proba,4.72,ok,,0.5880596085884727,0.15753424657534246,0.4440663348974748,0.14269535673839187,0.5621470875740325,0.09798199677945257,0.1206896551724138,0.07446808510638298,0.3181818181818182,1146,435,75,35,0.2779420461265523,0.10566037735849057,0.09032258064516129,0.12727272727272726,1440,141,96,14,0.09166173861620343
core,KNN_25,neighbors,onehot,none,proba,0.605,ok,,0.110888143477111,0.145,0.06271539687918071,0.13096862210095495,0.525918578575125,0.06951815603910327,0.0,0.0,0.0,1574,7,110,0,0.004139562389118865,0.10551558752997602,0.07166123778501629,0.2,1296,285,88,22,0.18154937906564164
core,LDA_shrinkage,discriminant,onehot,none,proba,0.236,ok,,0.08405829435278647,0.1864406779661017,0.07695635056239242,0.15925058548009366,0.5719337588407798,0.08123851483201908,0.0,0.0,0.0,1581,0,110,0,0.0,0.10526315789473684,0.07981220657276995,0.15454545454545454,1385,196,93,17,0.12596096984033117
full,LinearSVC_calibrated,svm,onehot,none,proba,0.614,ok,,0.06630338872872311,0.16939890710382513,0.06545020532761282,0.15041782729805014,0.5652003910068426,0.07815969777921328,0.0,0.0,0.0,1581,0,110,0,0.0,0.10526315789473684,0.07981220657276995,0.15454545454545454,1385,196,93,17,0.12596096984033117
full,RF_SMOTEENN,forest_resampled,ordinal,smoteenn,proba,3.736,ok,,0.5006904104769371,0.15806451612903227,0.3997470024359214,0.13188798554652212,0.5198407222126387,0.07007600827772886,0.10367892976588629,0.06352459016393443,0.2818181818181818,1124,457,79,31,0.2885866351271437,0.10385259631490787,0.06365503080082136,0.2818181818181818,1125,456,79,31,0.2879952690715553
full,BalancedBagging_DT,imbalance_ensemble,ordinal,none,proba,1.175,ok,,0.5479047619047619,0.20630372492836677,0.5014642857142857,0.1381957773512476,0.546607440630211,0.0862610187003183,0.13688212927756654,0.08653846153846154,0.32727272727272727,1201,380,74,36,0.24600827912477824,0.10285714285714286,0.075,0.16363636363636364,1359,222,92,18,0.1419278533412182
full,LDA_shrinkage,discriminant,onehot,none,proba,0.401,ok,,0.09261524965482655,0.1529745042492918,0.05263716833678416,0.1543550165380375,0.5672129262262089,0.07873911035737763,0.0,0.0,0.0,1577,4,110,0,0.002365464222353637,0.10119047619047619,0.0752212389380531,0.15454545454545454,1372,209,93,17,0.1336487285629805
core,RF_SMOTEENN,forest_resampled,ordinal,smoteenn,proba,3.66,ok,,0.5940489590810649,0.17599999999999996,0.5120557741501232,0.13196480938416422,0.5308579150135128,0.09281324046788748,0.12568306010928962,0.07395498392282958,0.41818181818181815,1005,576,64,46,0.3678296865759905,0.09970674486803519,0.0735930735930736,0.15454545454545454,1367,214,93,17,0.13660555884092254
full,LightGBM_SMOTENC,boosting_resampled,ordinal,smotenc,proba,4.668,ok,,0.15764328883636042,0.13398692810457516,0.011500777887782799,0.12470862470862472,0.4771548502098787,0.06895575460858627,0.06857142857142857,0.09230769230769231,0.05454545454545454,1522,59,104,6,0.0384387936132466,0.0940032414910859,0.05719921104536489,0.2636363636363636,1103,478,81,29,0.29982259018332347
full,RF_SMOTE,forest_resampled,ordinal,smotenc,proba,4.457,ok,,0.5169562341980125,0.16326530612244897,0.2305174055136395,0.12435824301197948,0.489511816456788,0.06882447133378478,0.08113590263691683,0.05221932114882506,0.18181818181818182,1218,363,90,20,0.22649319929036074,0.09359605911330049,0.06418918918918919,0.17272727272727273,1304,277,91,19,0.17504435245416913
full,BalancedRF_deep,imbalance_ensemble,ordinal,none,proba,5.021,ok,,0.5671232940868601,0.18532818532818535,0.5105362132342917,0.14035087719298245,0.5482375941578979,0.09244780272085727,0.13255360623781676,0.08436724565756824,0.3090909090909091,1212,369,76,34,0.23832052040212892,0.0916030534351145,0.07894736842105263,0.10909090909090909,1441,140,98,12,0.0898876404494382
full,KNN_25,neighbors,onehot,none,proba,0.878,ok,,0.12607901384334244,0.1739130434782609,0.03304582373929479,0.13003095975232198,0.508205393594388,0.0656922664538526,0.0,0.0,0.0,1576,5,110,0,0.0029568302779420462,0.09090909090909091,0.0707070707070707,0.12727272727272726,1397,184,96,14,0.11709047900650503
full,RandomForest_balanced_d6,forest,ordinal,none,proba,3.647,ok,,0.5234428142725264,0.1914893617021277,0.4765668486467456,0.12871287128712872,0.5161462825599448,0.08462482790617688,0.12413793103448276,0.08307692307692308,0.24545454545454545,1283,298,83,27,0.192193968066233,0.09059233449477352,0.07344632768361582,0.11818181818181818,1417,164,97,13,0.10467179183914843
full,DecisionTree_balanced,tree,ordinal,none,proba,0.276,ok,,0.7424455926099889,0.14780600461893764,0.0,0.12215435868961688,0.4968058191018343,0.06581649004511585,0.09948542024013722,0.0613107822410148,0.2636363636363636,1137,444,81,29,0.27971614429331754,0.09004739336492891,0.060897435897435896,0.17272727272727273,1288,293,91,19,0.18450620934358367
core,KNN_5,neighbors,onehot,none,proba,0.39,ok,,0.20440824345195494,0.15335463258785942,0.0367318388425951,0.1263537906137184,0.5217986314760509,0.0662877665755267,0.013333333333333334,0.025,0.00909090909090909,1542,39,109,1,0.02365464222353637,0.08832807570977919,0.06763285024154589,0.12727272727272726,1388,193,96,14,0.12241277350680072
full,Ridge_balanced,linear,onehot,none,decision,0.279,ok,,0.3135272409715524,0.16101694915254236,-0.027861617570728858,0.14410480349344978,0.5629923523661664,0.0778129512467844,0.1315468940316687,0.0759493670886076,0.4909090909090909,924,657,56,54,0.42046126552335894,0.08294930875576037,0.08411214953271028,0.08181818181818182,1483,98,101,9,0.06327616794795979
core,ExtraTrees_balanced,forest,ordinal,none,proba,3.351,ok,,0.5652938576370978,0.16666666666666669,0.42150843540097976,0.1382842509603073,0.5293140129952274,0.08794085956562861,0.10473815461346633,0.07216494845360824,0.19090909090909092,1311,270,89,21,0.17208752217622708,0.07407407407407407,0.07547169811320754,0.07272727272727272,1483,98,102,8,0.06268480189237138
core,RF_SMOTE,forest_resampled,ordinal,smotenc,proba,3.482,ok,,0.6039940882390579,0.18357487922705315,0.4976111082666758,0.1268163804491413,0.5019607843137255,0.07671219661055453,0.12021857923497267,0.0707395498392283,0.4,1003,578,66,44,0.3678296865759905,0.07142857142857142,0.08139534883720931,0.06363636363636363,1502,79,103,7,0.0508574807806032
core,Stacking_LR_RF_XGB,ensemble,ordinal,none,proba,5.89,ok,,0.5527892780707826,0.16216216216216214,0.5021639001940018,0.1353558926487748,0.5326605715600023,0.07047465066531351,0.1309255079006772,0.07474226804123711,0.5272727272727272,863,718,52,58,0.45890005913660553,0.06986899563318777,0.06722689075630252,0.07272727272727272,1470,111,102,8,0.0703725606150207
full,ExtraTrees_balanced,forest,ordinal,none,proba,3.548,ok,,0.5026284650646982,0.20714285714285713,0.3051944480025114,0.1293213828425096,0.49817146800069,0.07164724665374966,0.06521739130434782,0.05421686746987952,0.08181818181818182,1424,157,101,9,0.09816676522767594,0.06818181818181818,0.05844155844155844,0.08181818181818182,1436,145,101,9,0.09107037256061502
full,XGBoost_SMOTENC,boosting_resampled,ordinal,smotenc,proba,2.32,ok,,0.4967023432254791,0.15277777777777776,0.16667360067367554,0.1238095238095238,0.4854666206658617,0.06579917159559034,0.06691449814126393,0.05660377358490566,0.08181818181818182,1431,150,101,9,0.09402720283855706,0.06642066420664207,0.055900621118012424,0.08181818181818182,1429,152,101,9,0.09520993494973388
full,LogReg_L1_balanced,linear,onehot,none,proba,54.186,ok,,0.6553147658161416,0.1623931623931624,0.47183315447443197,0.15,0.559249036858145,0.07706807774048549,0.13048933500627352,0.07569141193595343,0.4727272727272727,946,635,58,52,0.4062684801892371,0.06451612903225806,0.06542056074766354,0.06363636363636363,1481,100,103,7,0.06327616794795979
full,LogReg_L2_balanced,linear,onehot,none,proba,0.479,ok,,0.6596529491383141,0.17241379310344826,0.4727547043647119,0.14447884416924664,0.5578172618020816,0.07649946844756098,0.1311881188118812,0.07593123209169055,0.4818181818181818,936,645,57,53,0.4127735068007096,0.06422018348623854,0.06481481481481481,0.06363636363636363,1480,101,103,7,0.0638675340035482
full,LogReg_SMOTE,linear_resampled,onehot,smote,proba,0.805,ok,,0.6836791523408624,0.1702127659574468,0.4841549885650307,0.14396456256921372,0.5415042263239607,0.07443901123406321,0.133492252681764,0.07681755829903979,0.509090909090909,908,673,54,56,0.43110585452395034,0.056338028169014086,0.05825242718446602,0.05454545454545454,1484,97,104,6,0.06091070372560615
